pos,athlete,country,points,data_type,100,lj,sp,hj,400,110h,dt,pv,jt,1500,event_id,event_name
1,Tomáš Dvořák,CZE,8902 CR,Mark,10.62,8.07,16.57,2.00,47.74,13.80,45.51,5.00,68.53,4:35.13,6947294,wa_2001
2,Erki Nool,EST,8815 NR,Mark,10.60,7.63,14.90,2.03,46.23,14.40,43.40,5.40,67.01,4:29.58,6947294,wa_2001
3,Dean Macey,GBR,8603 PB,Mark,10.72,7.59,15.41,2.15,46.21,14.34,46.96,4.70,54.61,4:29.05,6947294,wa_2001
4,Attila Zsivoczky-Pandel,HUN,8371 SB,Mark,10.97,6.99,14.65,2.18,48.86,15.19,47.23,4.90,62.43,4:23.23,6947294,wa_2001
5,Lev Lobodin,RUS,8352,Mark,10.74,7.15,16.16,2.03,48.78,14.42,44.95,5.10,54.68,4:31.77,6947294,wa_2001
6,Jiří Ryba,CZE,8332 SB,Mark,11.14,7.17,13.76,2.09,48.76,14.33,47.40,5.10,56.04,4:20.66,6947294,wa_2001
7,Stefan Schmid,GER,8307 SB,Mark,10.87,7.43,13.55,1.97,47.86,14.57,43.16,5.10,65.13,4:33.98,6947294,wa_2001
8,Laurent Hernu,FRA,8280 PB,Mark,10.97,7.31,14.43,2.03,49.31,14.01,43.93,5.10,59.90,4:37.41,6947294,wa_2001
9,Oleksandr Yurkov,UKR,8264,Mark,10.93,7.37,15.15,1.97,49.45,14.41,48.10,5.00,58.63,4:38.43,6947294,wa_2001
10,Roman Šebrle,CZE,8174,Mark,10.91,7.67,15.43,2.00,48.18,16.97,47.41,4.60,65.75,4:31.04,6947294,wa_2001
11,Michael Nolan,CAN,8169 PB,Mark,11.29,6.98,15.17,1.97,49.86,14.86,50.30,4.90,64.57,4:31.44,6947294,wa_2001
12,Mário Aníbal,POR,8155,Mark,10.84,7.11,15.35,2.00,48.46,14.45,44.22,5.00,53.23,4:36.64,6947294,wa_2001
13,Zsolt Kürtösi,HUN,8097,Mark,11.03,7.17,15.34,2.06,48.68,14.50,45.20,4.70,58.87,4:49.61,6947294,wa_2001
14,Benjamin Jensen,NOR,8090 SB,Mark,10.79,7.08,14.47,1.88,48.27,14.22,39.89,5.30,56.51,4:36.45,6947294,wa_2001
15,Phil McMullen,USA,8079,Mark,11.39,6.94,15.12,1.97,49.08,15.09,48.85,5.10,53.50,4:20.84,6947294,wa_2001
16,Chiel Warners,NED,7916,Mark,10.90,7.48,14.47,1.94,48.28,14.36,44.93,4.30,55.89,4:48.33,6947294,wa_2001
17,Kip Janvrin,USA,7905,Mark,11.17,6.72,13.45,1.88,48.26,14.77,43.39,5.00,57.96,4:19.26,6947294,wa_2001
,Klaus Ambrosch,AUT,DNF,Mark,11.07,NM,14.16,1.85,DNS,DNS,DNS,DNS,DNS,,6947294,wa_2001
,Bryan Clay,USA,DNF,Mark,10.73,7.20,12.79,1.94,49.64,14.53,46.63,NM,DNS,,6947294,wa_2001
,Eduard Hämäläinen,FIN,DNF,Mark,11.06,7.13,NM,DNS,DNS,DNS,DNS,DNS,DNS,,6947294,wa_2001
,Sebastian Knabe,GER,DNF,Mark,10.90,7.47,14.45,1.97,48.19,DNF,44.36,4.70,49.37,DNS,6947294,wa_2001
,Jón Arnar Magnússon,ISL,DNF,Mark,11.01,5.83,14.78,1.94,DNS,DNS,DNS,DNS,DNS,,6947294,wa_2001
1,Tom Pappas,USA,8750,Mark,10.80,7.62,16.11,2.09,47.58,13.99,46.94,5.10,65.90,4:44.31,,wa_2003
2,Roman Šebrle,CZE,8634,Mark,11.00,7.64,15.47,2.06,47.90,14.25,47.47,4.80,69.79,4:34.45,,wa_2003
3,Dmitriy Karpov,KAZ,8374 NR,Mark,10.72,7.75,15.51,2.12,47.33,13.95,47.38,4.40,47.53,4:37.70,,wa_2003
4,Tomáš Dvořák,CZE,8242 SB,Mark,11.03,7.28,15.95,1.94,50.04,14.15,45.47,4.50,67.10,4:27.63,,wa_2003
5,Laurent Hernu,FRA,8218 SB,Mark,11.20,7.22,13.99,2.03,48.95,14.15,46.13,4.90,59.63,4:28.38,,wa_2003
6,Lev Lobodin,RUS,8198 SB,Mark,10.99,7.08,15.43,1.97,49.54,14.36,48.36,5.00,56.50,4:34.63,,wa_2003
7,Haifeng Qi,CHN,8126 NR,Mark,11.30,7.39,12.85,2.00,48.73,14.40,46.72,4.80,59.98,4:25.40,,wa_2003
8,André Niklaus,GER,8020 SB,Mark,11.19,7.21,13.87,1.97,49.95,14.50,42.68,5.10,57.55,4:28.84,,wa_2003
9,Claston Bernard,JAM,8000 SB,Mark,10.91,7.22,15.39,2.03,49.31,14.76,43.47,4.30,59.47,4:34.49,,wa_2003
10,Vitaliy Smirnov,UZB,7897 PB,Mark,11.10,6.98,13.89,1.97,48.98,14.98,42.70,4.50,62.69,4:24.68,,wa_2003
11,Chiel Warners,NED,7753,Mark,10.95,7.55,14.13,1.91,48.94,14.72,41.49,4.50,54.87,4:51.35,,wa_2003
12,Paul Terek,USA,7503,Mark,10.99,7.14,15.30,2.03,48.75,DQ,45.72,5.30,61.14,4:30.77,,wa_2003
,Attila Zsivoczky-Pandel,HUN,DNF,Mark,11.32,6.76,14.35,2.09,49.79,DNS,DNS,,,,,wa_2003
,Aleksandr Pogorelov,RUS,DNF,Mark,11.16,7.22,15.21,2.06,50.49,14.28,44.59,4.90,DNS,,,wa_2003
,Paolo Casarsa,ITA,DNF,Mark,11.46,6.69,14.57,1.94,51.63,14.54,36.21,NM,DNS,,,wa_2003
,Kristjan Rahnu,EST,DNF,Mark,10.85,7.18,15.55,1.97,DQ,DNS,DNS,,,,,wa_2003
,Hamdi Dhouibi,TUN,DNF,Mark,10.83,6.96,13.13,DNS,DNS,,,,,,,wa_2003
,Jón Arnar Magnússon,ISL,DNF,Mark,11.11,6.15,15.29,DNS,DNS,,,,,,,wa_2003
,Erki Nool,EST,DNF,Mark,11.09,6.78,14.14,DNS,DNS,,,,,,,wa_2003
,Bryan Clay,USA,DNF,Mark,10.50,7.70,15.05,1.97,DNF,DNS,DNS,,,,,wa_2003
1,Bryan Clay,USA,8732 WL,Mark,10.43,7.54,16.25,2.00,47.78,14.43,53.68,4.90,72.00,5:03.77,6937596,wa_2005
2,Roman Šebrle,CZE,8521,Mark,10.91,7.86,16.29,2.06,48.62,14.71,46.85,4.80,63.21,4:39.54,6937596,wa_2005
3,Attila Zsivoczky-Pandel,HUN,8385,Mark,10.90,7.03,15.72,2.15,49.29,15.15,49.58,4.80,63.02,4:32.17,6937596,wa_2005
4,André Niklaus,GER,8316 PB,Mark,11.04,7.20,14.24,2.03,49.42,14.78,46.13,5.30,61.74,4:28.93,6937596,wa_2005
5,Aleksandr Pogorelov,RUS,8246,Mark,10.86,7.49,15.90,2.09,50.58,14.45,46.68,5.00,59.79,5:03.62,6937596,wa_2005
6,Kristjan Rahnu,EST,8223,Mark,10.59,7.36,15.79,2.03,48.58,14.87,47.13,4.70,61.65,4:59.73,6937596,wa_2005
7,Romain Barras,FRA,8087,Mark,11.15,7.35,14.62,1.94,48.63,14.65,44.24,4.80,60.39,4:31.94,6937596,wa_2005
8,Tomáš Dvořák,CZE,8068,Mark,10.94,7.31,15.95,2.00,50.34,14.81,45.69,4.20,64.89,4:34.24,6937596,wa_2005
9,Jaakko Ojaniemi,FIN,8042 SB,Mark,10.67,7.57,14.95,1.91,50.29,15.04,42.41,4.50,66.27,4:38.18,6937596,wa_2005
10,Aleksey Drozdov,RUS,8038,Mark,11.07,7.24,15.43,2.06,51.11,15.67,50.13,4.50,63.67,4:38.96,6937596,wa_2005
11,Hamdi Dhouibi,TUN,8023 AR,Mark,10.67,7.43,12.85,1.94,47.04,14.56,41.17,4.80,52.83,4:31.24,6937596,wa_2005
12,Mikk Pahapill,EST,8003,Mark,11.06,7.27,15.36,2.06,51.44,15.37,45.81,4.80,63.53,4:48.26,6937596,wa_2005
13,Paul Terek,USA,7921,Mark,10.83,7.16,14.31,1.97,48.85,15.83,44.65,5.00,54.46,4:36.59,6937596,wa_2005
14,Frédéric Xhonneux,BEL,7616,Mark,11.28,7.21,12.92,2.03,49.04,15.75,38.62,4.70,50.18,4:22.71,6937596,wa_2005
15,Roland Schwarzl,AUT,7549,Mark,11.06,7.10,13.73,1.82,50.81,14.90,45.56,4.90,50.67,4:51.25,6937596,wa_2005
16,Óscar González,ESP,7526,Mark,11.07,7.20,13.63,2.00,49.71,14.96,37.03,4.60,45.54,4:35.25,6937596,wa_2005
17,Phil McMullen,USA,6832,Mark,11.47,6.65,15.01,1.94,50.21,15.58,49.28,NM,53.35,4:33.38,6937596,wa_2005
,Vitaliy Smirnov,UZB,DNF,Mark,DNS,DNS,DNS,DNS,,,,,,,6937596,wa_2005
,Haifeng Qi,CHN,DNF,Mark,10.92,7.18,13.45,2.00,DNS,DNS,DNS,DNS,,,6937596,wa_2005
,Dmitriy Karpov,KAZ,DNF,Mark,DQ,DNS,DNS,DNS,DNS,,,,,,6937596,wa_2005
,Maurice Smith,JAM,DNF,Mark,10.81,7.17,NM,DNS,DNS,,,,,,6937596,wa_2005
,Alexey Sysoev,RUS,DNF,Mark,10.72,6.32,15.75,2.06,50.46,15.49,47.13,NM,DNS,,6937596,wa_2005
,Benjamin Jensen,NOR,DNF,Mark,11.04,NM,DNS,DNS,DNS,,,,,,6937596,wa_2005
,Claston Bernard,JAM,DNF,Mark,10.79,6.80,13.68,DNS,DNS,,,,,,6937596,wa_2005
,Eugene Martineau,NED,DNF,Mark,11.22,7.15,13.31,2.00,50.45,15.85,40.23,NM,DNS,,6937596,wa_2005
,Laurent Hernu,FRA,DNS,Mark,DNS,DNS,DNS,DNS,DNS,,,,,,6937596,wa_2005
1,Roman Šebrle,CZE,8676,Mark,11.04,7.56,15.92,2.12,48.80,14.33,48.75,4.80,71.18,4:35.32,6903480,wa_2007
2,Maurice Smith,JAM,8644 NR,Mark,10.62,7.50,17.32,1.97,47.48,13.91,52.36,4.80,53.61,4:33.52,6903480,wa_2007
3,Dmitriy Karpov,KAZ,8586 SB,Mark,10.70,7.19,16.08,2.06,47.44,14.03,48.95,5.00,59.84,4:39.68,6903480,wa_2007
4,Aleksey Drozdov,RUS,8475 PB,Mark,10.97,7.25,16.49,2.12,50.00,14.76,48.62,5.00,63.51,4:36.93,6903480,wa_2007
5,André Niklaus,GER,8371 PB,Mark,11.12,7.42,14.12,2.06,49.40,14.51,44.48,5.30,63.28,4:32.50,6903480,wa_2007
6,Alexey Sysoev,RUS,8357 PB,Mark,10.80,7.01,16.16,2.03,48.42,14.59,49.76,4.90,57.75,4:36.16,6903480,wa_2007
7,Romain Barras,FRA,8262,Mark,11.36,7.13,15.03,2.00,49.32,14.36,44.51,5.00,65.74,4:25.75,6903480,wa_2007
8,Yordani García,CUB,8257 NR,Mark,10.73,7.15,14.94,2.09,49.25,14.08,42.91,4.70,68.74,4:55.42,6903480,wa_2007
9,Arthur Abele,GER,8243,Mark,10.87,7.17,13.58,2.00,48.58,13.92,41.28,4.70,65.24,4:21.69,6903480,wa_2007
10,Paul Terek,USA,8120,Mark,10.95,7.26,14.81,2.00,49.34,15.10,44.81,5.20,55.96,4:37.38,6903480,wa_2007
11,Hans van Alphen,BEL,8034,Mark,11.11,7.35,14.67,1.88,48.52,14.77,44.30,4.30,65.71,4:22.50,6903480,wa_2007
12,Attila Zsivoczky-Pandel,HUN,8017 SB,Mark,11.44,7.00,15.13,2.09,50.58,14.82,46.80,4.80,59.63,4:35.55,6903480,wa_2007
13,Jake Arnold,USA,8004,Mark,11.14,6.86,14.73,2.06,49.02,14.72,43.70,5.10,56.01,4:43.58,6903480,wa_2007
14,Aliaksandr Parkhomenka,BLR,7984,Mark,11.29,6.92,15.98,1.94,51.16,14.93,44.86,4.70,69.14,4:34.63,6903480,wa_2007
15,François Gourmet,BEL,7974 PB,Mark,10.67,7.15,13.74,1.85,47.98,15.02,39.87,5.00,57.73,4:25.51,6903480,wa_2007
16,Andres Raja,EST,7794,Mark,10.92,7.42,14.26,1.85,48.89,14.51,37.07,4.70,60.34,4:45.83,6903480,wa_2007
17,Agustín Félix,ESP,7749,Mark,11.17,7.12,13.29,2.03,52.08,14.75,43.67,5.00,56.69,4:48.27,6903480,wa_2007
18,Alberto Juantorena,CUB,7657,Mark,11.13,7.43,13.54,2.09,50.37,14.97,41.69,4.20,56.28,4:50.69,6903480,wa_2007
19,Hiromasa Tanaka,JPN,7629,Mark,11.05,6.78,11.92,1.88,48.59,15.53,41.65,5.10,59.59,4:40.04,6903480,wa_2007
20,Josef Karas,CZE,7625,Mark,11.12,7.44,13.23,1.94,50.60,15.17,45.58,4.40,49.28,4:31.21,6903480,wa_2007
21,Kun-woo Kim,KOR,7531 SB,Mark,11.29,7.12,12.83,1.91,48.99,14.89,36.23,4.80,44.79,4:16.16,6903480,wa_2007
22,Norman Müller,GER,7344,Mark,10.90,7.44,15.18,1.97,47.58,14.71,40.99,NM,58.93,4:30.38,6903480,wa_2007
23,Hans Olav Uldal,NOR,6698,Mark,11.21,6.93,13.65,1.82,50.70,27.24,45.31,4.50,61.63,4:44.91,6903480,wa_2007
,Vitaliy Smirnov,UZB,DNF,Mark,DNF,DNS,DNS,DNS,DNS,,,,,,6903480,wa_2007
,Carlos Chinin,BRA,DNF,Mark,10.83,7.26,12.72,2.03,48.18,14.50,38.06,NM,,,6903480,wa_2007
,Eugene Martineau,NED,DNF,Mark,11.25,7.13,13.69,2.00,50.38,DNS,DNS,DNS,,,6903480,wa_2007
,Hamdi Dhouibi,TUN,DNF,Mark,10.93,7.05,13.40,1.82,47.59,14.49,44.37,4.70,,,6903480,wa_2007
,Bryan Clay,USA,DNF,Mark,10.44,7.65,15.51,1.97,DNS,,,,,,6903480,wa_2007
,Tom Pappas,USA,DNF,Mark,10.96,7.44,16.31,2.03,49.22,14.84,DNS,DNS,,,6903480,wa_2007
,Andrei Krauchanka,BLR,DNF,Mark,DQ,7.58,DNS,DNS,DNS,,,,,,6903480,wa_2007
1,Trey Hardee,USA,8790,Mark,10.45,7.83,15.33,1.99,48.13,13.86,48.08,5.20,68.00,4:48.91,6998524,wa_2009
2,Leonel Suárez,CUB,8640,Mark,11.13,7.24,15.20,2.11,48.00,14.45,44.71,5.00,75.19,4:27.25,6998524,wa_2009
3,Oleksiy Kasyanov,UKR,8479,Mark,10.63,7.80,15.72,2.05,47.85,14.44,46.70,4.80,49.00,4:24.52,6998524,wa_2009
4,Alexey Sysoev,RUS,8454,Mark,10.85,6.87,16.17,2.02,49.32,14.97,53.03,5.10,64.55,4:34.97,6998524,wa_2009
5,Pascal Behrenbruch,GER,8439,Mark,10.92,7.09,15.77,2.02,48.72,14.24,48.06,4.80,69.72,4:39.45,6998524,wa_2009
6,Nicklas Wiberg,SWE,8406,Mark,10.96,7.25,14.99,2.05,48.73,14.75,42.28,4.50,75.02,4:17.05,6998524,wa_2009
7,Yordani García,CUB,8387,Mark,10.60,7.05,15.15,2.08,48.34,14.08,44.40,4.70,69.37,4:49.45,6998524,wa_2009
8,Yunior Díaz,CUB,8357,Mark,10.66,7.72,14.54,2.02,46.15,14.56,43.52,4.60,60.09,4:40.58,6998524,wa_2009
9,Andrei Krauchanka,BLR,8281,Mark,11.18,7.62,13.96,2.11,48.77,14.13,42.24,4.90,60.71,4:37.77,6998524,wa_2009
10,Roman Šebrle,CZE,8266,Mark,11.16,7.80,14.98,2.11,50.42,14.44,46.30,4.60,65.61,4:50.33,6998524,wa_2009
11,Romain Barras,FRA,8204,Mark,11.14,7.04,14.78,1.99,49.66,14.27,45.62,5.00,61.24,4:27.04,6998524,wa_2009
12,Larbi Bourrada,ALG,8171,Mark,10.68,7.35,12.30,2.05,48.58,14.57,37.83,4.70,62.53,4:12.15,6998524,wa_2009
13,Willem Coertzen,RSA,8146,Mark,10.89,7.32,13.16,2.02,48.63,14.26,42.40,4.60,65.46,4:32.57,6998524,wa_2009
14,Andres Raja,EST,8119,Mark,10.82,7.38,14.55,1.99,49.00,14.22,42.75,4.80,57.73,4:40.73,6998524,wa_2009
15,Norman Müller,GER,8096,Mark,11.01,7.35,14.93,1.99,48.20,14.59,41.21,4.80,57.40,4:33.02,6998524,wa_2009
16,Vasiliy Kharlamov,RUS,8065,Mark,11.22,7.38,14.95,1.93,49.44,14.83,46.24,5.00,59.93,4:41.54,6998524,wa_2009
17,Ashton Eaton,USA,8061,Mark,10.53,7.85,12.26,2.02,47.75,14.28,37.15,5.00,50.87,4:45.03,6998524,wa_2009
18,Eugene Martineau,NED,8055,Mark,11.18,7.41,12.66,1.99,50.26,14.91,44.94,4.80,70.14,4:35.27,6998524,wa_2009
19,Ingmar Vos,NED,8009,Mark,10.90,7.21,13.78,2.02,49.99,14.51,42.39,4.40,64.27,4:28.51,6998524,wa_2009
20,Dmitriy Karpov,KAZ,7952,Mark,11.02,6.86,15.27,2.05,49.45,14.46,48.93,4.80,51.38,4:53.61,6998524,wa_2009
21,Nadir El Fassi,FRA,7922,Mark,11.12,7.26,13.62,1.99,51.35,14.90,42.25,4.80,57.65,4:16.51,6998524,wa_2009
22,Brent Newdick,NZL,7915,Mark,11.11,7.42,14.35,1.99,50.10,14.82,43.60,4.80,51.52,4:30.57,6998524,wa_2009
23,Jake Arnold,USA,7837,Mark,11.01,6.73,13.97,1.96,49.07,14.40,43.23,4.70,57.37,4:35.93,6998524,wa_2009
24,Daniel Almgren,SWE,7803,Mark,10.92,7.29,13.43,1.99,47.68,15.14,34.33,4.30,56.69,4:13.47,6998524,wa_2009
25,Daisuke Ikeda,JPN,7788,Mark,11.16,7.09,13.43,1.87,49.28,14.90,39.72,4.60,63.73,4:22.39,6998524,wa_2009
26,Moritz Cleve,GER,7777,Mark,11.06,7.27,14.12,1.87,49.17,14.54,39.62,4.60,54.26,4:25.96,6998524,wa_2009
27,Yevhen Nikitin,UKR,7710,Mark,11.04,6.92,14.69,1.93,49.50,14.87,42.71,4.60,54.73,4:40.12,6998524,wa_2009
28,Mateo Sossah,FRA,7682,Mark,11.57,7.04,11.97,2.05,49.60,14.83,41.25,4.40,59.67,4:20.40,6998524,wa_2009
29,Simon Walter,SUI,7649,Mark,11.05,7.21,12.80,1.93,49.67,14.83,42.48,5.00,54.91,5:01.12,6998524,wa_2009
30,Attila Szabó,HUN,7610,Mark,11.15,7.09,13.92,1.84,49.79,14.65,43.75,4.40,59.56,4:45.64,6998524,wa_2009
31,Agustín Félix,ESP,7539,Mark,11.32,7.19,13.23,2.08,52.41,14.80,42.81,4.90,50.10,5:00.50,6998524,wa_2009
32,Mikk-Mihkel Arro,EST,7528,Mark,11.11,6.94,14.42,1.90,51.28,14.82,41.83,4.50,56.21,4:44.14,6998524,wa_2009
33,Atis Vaisjuns,LAT,7507,Mark,11.27,6.94,14.07,1.99,49.88,15.27,42.02,4.40,57.50,4:52.08,6998524,wa_2009
,Aleksandr Pogorelov,RUS,DQ,Mark,DQ,DQ,DQ,DQ,DQ,DQ,DQ,DQ,DQ,DQ,6998524,wa_2009
,Mikk Pahapill,EST,DNF,Mark,11.01,NM,14.38,DNS,DNS,DNS,,,,,6998524,wa_2009
,Roland Schwarzl,AUT,DNF,Mark,11.69,NM,DNS,DNS,,,,,,,6998524,wa_2009
,Eelco Sintnicolaas,NED,DNF,Mark,11.05,7.16,12.80,1.81,DNS,DNS,DNS,DNS,,,6998524,wa_2009
,Maurice Smith,JAM,DNF,Mark,29.42,DNS,DNS,DNS,,,,,,,6998524,wa_2009
1,Trey Hardee,USA,8607,Mark,10.55,7.45,15.09,2.02,48.37,13.97,49.89,4.80,68.99,4:45.68,7003367,wa_2011
2,Ashton Eaton,USA,8505,Mark,10.46,7.46,14.44,2.02,46.99,13.85,46.17,4.60,55.17,4:18.94,7003367,wa_2011
3,Leonel Suárez,CUB,8501 SB,Mark,11.07,7.33,14.54,2.05,49.17,14.29,46.25,5.00,69.12,4:24.16,7003367,wa_2011
4,Aleksey Drozdov,RUS,8313,Mark,11.34,7.45,16.17,2.14,51.35,15.49,50.29,5.00,64.80,4:41.73,7003367,wa_2011
5,Eelco Sintnicolaas,NED,8298,Mark,10.76,7.29,14.13,1.93,48.35,14.42,42.23,5.20,61.07,4:25.40,7003367,wa_2011
6,Mihail Dudaš,SRB,8256 NR,Mark,10.81,7.41,13.76,2.02,47.73,14.89,43.97,4.90,58.93,4:26.06,7003367,wa_2011
7,Pascal Behrenbruch,GER,8211,Mark,11.08,6.80,16.01,1.93,49.90,14.33,48.56,4.90,66.50,4:36.64,7003367,wa_2011
8,Jan Felix Knobel,GER,8200,Mark,11.18,7.30,16.06,1.96,49.46,14.92,47.93,4.70,68.42,4:43.12,7003367,wa_2011
9,Mikk Pahapill,EST,8164,Mark,11.28,7.12,14.76,2.02,50.65,14.54,47.16,4.90,66.40,4:35.41,7003367,wa_2011
10,Larbi Bourrada,ALG,8158,Mark,10.88,7.42,13.11,1.96,47.34,14.56,37.84,4.90,59.00,4:14.97,7003367,wa_2011
11,Romain Barras,FRA,8134 SB,Mark,11.20,7.06,14.92,1.99,49.50,14.37,41.65,5.00,63.25,4:29.19,7003367,wa_2011
12,Oleksiy Kasyanov,UKR,8132,Mark,10.75,7.59,14.43,1.99,48.46,14.65,43.74,4.70,52.16,4:29.35,7003367,wa_2011
13,Thomas van der Plaetsen,BEL,8069,Mark,11.20,7.79,12.76,2.17,49.46,14.79,37.20,5.10,58.91,4:45.86,7003367,wa_2011
14,Roman Šebrle,CZE,8069,Mark,11.25,7.30,15.20,2.05,51.18,14.75,46.93,4.80,67.28,4:56.50,7003367,wa_2011
15,Andres Raja,EST,7982,Mark,10.85,7.21,14.61,1.99,49.47,14.04,43.39,4.70,57.35,4:52.28,7003367,wa_2011
16,Luiz Alberto de Araújo,BRA,7902,Mark,10.71,6.74,14.77,1.90,48.48,14.25,46.46,4.70,54.38,4:47.29,7003367,wa_2011
17,Kun-woo Kim,KOR,7860 NR,Mark,11.11,7.24,12.96,1.96,49.24,14.95,39.53,4.90,53.33,4:15.63,7003367,wa_2011
18,Damian Warner,CAN,7832,Mark,10.56,7.35,13.26,2.02,50.12,14.19,41.71,4.50,54.61,4:54.37,7003367,wa_2011
19,Brent Newdick,NZL,7761,Mark,11.00,7.31,13.75,1.96,49.95,14.86,45.65,4.50,55.69,4:47.30,7003367,wa_2011
20,Keisuke Ushiro,JPN,7639,Mark,11.42,6.96,12.88,2.02,50.89,15.20,43.84,4.40,67.73,4:43.87,7003367,wa_2011
21,Dmitriy Karpov,KAZ,7550,Mark,11.24,6.86,15.69,1.93,52.01,14.64,47.10,4.80,46.91,4:58.41,7003367,wa_2011
22,Ryan Harlan,USA,6761,Mark,11.29,6.68,16.49,2.02,51.57,14.71,43.52,NM,58.43,5:21.63,7003367,wa_2011
,Jamie Adjetey-Nelson,CAN,DNF,Mark,10.97,7.21,DNS,DNS,DNS,,,,,,7003367,wa_2011
,Willem Coertzen,RSA,DNF,Mark,11.16,7.37,13.48,2.02,49.20,14.48,43.13,NM,DNS,,7003367,wa_2011
,Darius Draudvila,LTU,DNF,Mark,10.90,7.19,14.81,1.96,50.55,14.93,NM,DNS,DNS,,7003367,wa_2011
,Rico Freimuth,GER,DNF,Mark,10.83,NM,NM,DNS,DNS,,,,,,7003367,wa_2011
,Yordani García,CUB,DNF,Mark,10.85,6.56,14.93,2.02,49.64,14.70,DNS,DNS,DNS,,7003367,wa_2011
,Hadi Sepehrzad,IRI,DNF,Mark,11.19,6.65,15.65,1.90,50.92,14.95,50.06,NM,DNS,,7003367,wa_2011
,Maurice Smith,JAM,DNF,Mark,10.98,7.06,15.15,1.93,50.27,14.68,45.63,DNS,DNS,,7003367,wa_2011
,Ingmar Vos,NED,DNF,Mark,10.82,7.41,13.86,DNS,DNS,,,,,,7003367,wa_2011
1,Ashton Eaton,USA,8809 WL,Mark,10.35,7.73,14.39,1.93,46.02,13.72,45.00,5.20,64.83,4:29.80,7003368,wa_2013
2,Michael Schrader,GER,8670 PB,Mark,10.73,7.85,14.56,1.99,47.66,14.29,46.44,5.00,65.67,4:25.38,7003368,wa_2013
3,Damian Warner,CAN,8512 PB,Mark,10.43,7.39,14.23,2.05,48.41,13.96,44.13,4.80,64.67,4:29.97,7003368,wa_2013
4,Kevin Mayer,FRA,8446 PB,Mark,11.23,7.50,13.76,2.05,49.53,14.21,45.37,5.20,66.09,4:25.04,7003368,wa_2013
5,Eelco Sintnicolaas,NED,8391 SB,Mark,10.85,7.65,14.08,2.02,48.25,14.18,39.21,5.30,56.75,4:24.64,7003368,wa_2013
6,Carlos Chinin,BRA,8388,Mark,10.78,7.54,14.49,1.96,48.80,14.05,45.84,5.10,59.98,4:36.01,7003368,wa_2013
7,Rico Freimuth,GER,8382 PB,Mark,10.60,7.22,14.80,1.99,48.05,13.90,48.74,4.90,56.21,4:37.83,7003368,wa_2013
8,Ilya Shkurenyov,RUS,8370 PB,Mark,10.97,7.35,13.88,2.05,48.39,14.34,44.06,5.40,59.46,4:36.95,7003368,wa_2013
9,Willem Coertzen,RSA,8343 AR,Mark,10.95,7.44,13.88,2.05,48.32,14.30,43.25,4.50,69.35,4:24.60,7003368,wa_2013
10,Leonel Suárez,CUB,8317 SB,Mark,11.07,7.33,14.20,1.90,48.21,14.62,46.41,4.90,68.61,4:23.87,7003368,wa_2013
11,Pascal Behrenbruch,GER,8316,Mark,10.95,7.19,15.86,1.99,48.40,14.46,45.66,4.70,67.07,4:37.21,7003368,wa_2013
12,Andrei Krauchanka,BLR,8314,Mark,11.19,7.39,14.84,2.11,49.65,14.44,46.12,5.10,59.98,4:39.63,7003368,wa_2013
13,Gunnar Nixon,USA,8312 PB,Mark,10.84,7.80,14.68,2.14,48.56,14.57,42.38,4.60,57.97,4:35.82,7003368,wa_2013
14,Mihail Dudaš,SRB,8275 NR,Mark,10.67,7.51,13.45,1.96,47.73,14.59,44.06,4.90,59.06,4:26.62,7003368,wa_2013
15,Thomas van der Plaetsen,BEL,8255 PB,Mark,11.09,7.64,13.57,2.05,49.00,14.66,41.17,5.10,65.31,4:37.93,7003368,wa_2013
16,Artem Lukyanenko,RUS,8177 PB,Mark,11.11,7.09,14.43,1.99,49.01,14.21,44.06,5.00,61.83,4:32.97,7003368,wa_2013
17,Mikk Pahapill,EST,8170 SB,Mark,11.33,7.12,14.87,1.99,49.84,14.54,47.57,5.00,62.89,4:33.16,7003368,wa_2013
18,Eduard Mikhan,BLR,7968,Mark,10.97,7.42,14.15,1.96,48.80,14.82,48.00,4.60,50.74,4:33.71,7003368,wa_2013
19,Maicel Uibo,EST,7850,Mark,11.21,7.26,13.68,2.11,50.60,15.29,41.84,4.90,59.63,4:48.29,7003368,wa_2013
20,Sergey Sviridov,RUS,7843,Mark,10.98,7.30,14.20,1.90,51.13,15.23,45.26,4.50,69.38,4:46.43,7003368,wa_2013
21,Pelle Rietveld,NED,7840 SB,Mark,11.15,6.68,13.21,1.90,48.67,14.37,38.06,5.10,64.38,4:35.94,7003368,wa_2013
22,Keisuke Ushiro,JPN,7751,Mark,11.44,6.84,13.17,1.96,51.20,15.32,45.31,4.90,67.65,4:38.91,7003368,wa_2013
23,Brent Newdick,NZL,7744 SB,Mark,11.14,7.28,13.84,2.02,50.25,15.19,42.49,4.50,57.30,4:38.54,7003368,wa_2013
24,Marcus Nilsson,SWE,7540,Mark,11.42,6.62,14.81,1.87,50.56,15.04,42.49,4.50,54.86,4:20.11,7003368,wa_2013
25,Gaël Quérin,FRA,6846,Mark,11.19,7.18,13.03,1.90,48.78,14.87,38.34,NM,50.66,4:18.58,7003368,wa_2013
,Dmitriy Karpov,KAZ,DNF,Mark,11.37,6.59,15.39,DNS,,,,,,,7003368,wa_2013
,Trey Hardee,USA,DNF,Mark,10.52,7.35,14.61,NM,DNS,,,,,,7003368,wa_2013
,Oleksiy Kasyanov,UKR,DNF,Mark,10.99,7.27,14.05,1.90,49.75,DNF,NM,DNS,,,7003368,wa_2013
,Kame Ali,MAD,DNF,Mark,11.48,6.72,12.73,1.90,50.87,15.20,36.86,4.20,65.76,DNS,7003368,wa_2013
,Ingmar Vos,NED,DNF,Mark,10.98,7.45,13.81,2.05,51.02,DQ R168.7(b),42.77,NM,62.10,DNS,7003368,wa_2013
,Jeremy Taiwo,USA,DNF,Mark,10.96,7.53,12.99,DNS,,,,,,,7003368,wa_2013
,Román Gastaldi,ARG,DNF,Mark,11.20,6.89,13.96,1.87,DQ R163.3,DNS,DNS,DNS,,,7003368,wa_2013
,Kurt Felix,GRN,DNF,Mark,11.20,7.41,12.95,2.08,DNS,,,,,,7003368,wa_2013
,Ashley Bryant,GBR,DNS,Mark,DNS,DNS,DNS,DNS,,,,,,,7003368,wa_2013
1,Ashton Eaton,USA,9045 WR,Mark,10.23,7.88,14.52,2.01,45.00,13.69,43.34,5.20,63.63,4:17.52,7078726,wa_2015
2,Damian Warner,CAN,8695 NR,Mark,10.31,7.65,14.44,2.04,47.30,13.63,44.99,4.80,63.50,4:31.51,7078726,wa_2015
3,Rico Freimuth,GER,8561 PB,Mark,10.51,7.51,15.50,1.95,47.82,13.91,50.17,4.80,60.61,4:37.05,7078726,wa_2015
4,Ilya Shkurenyov,RUS,8538 PB,Mark,11.01,7.50,14.09,2.10,47.88,14.27,44.53,5.20,60.99,4:24.98,7078726,wa_2015
5,Larbi Bourrada,ALG,8461 AR,Mark,10.83,7.51,13.73,2.07,47.60,14.26,41.53,4.80,63.82,4:16.61,7078726,wa_2015
6,Kai Kazmirek,GER,8448,Mark,10.90,7.40,14.27,2.10,46.83,14.39,40.08,5.20,62.55,4:35.61,7078726,wa_2015
7,Michael Schrader,GER,8418,Mark,10.78,7.71,14.32,1.95,47.12,14.19,44.58,4.60,62.09,4:22.30,7078726,wa_2015
8,Kurt Felix,GRN,8302 NR,Mark,11.02,7.66,15.02,2.10,49.89,14.58,45.95,4.50,63.41,4:32.57,7078726,wa_2015
9,Oleksiy Kasyanov,UKR,8262 SB,Mark,10.73,7.58,14.25,2.01,48.13,13.96,45.84,4.80,49.35,4:31.80,7078726,wa_2015
10,Maicel Uibo,EST,8245,Mark,11.25,7.13,14.45,2.13,50.24,15.01,43.69,5.10,64.51,4:25.53,7078726,wa_2015
11,Adam Sebastian Helcelet,CZE,8234 SB,Mark,11.09,7.29,15.30,2.04,49.66,14.20,42.90,4.90,63.07,4:37.65,7078726,wa_2015
12,Pieter Braun,NED,8114,Mark,11.11,7.29,13.90,2.04,48.24,14.37,42.09,4.90,56.95,4:32.46,7078726,wa_2015
13,Bastien Auzeil,FRA,8093,Mark,11.22,7.26,15.38,2.01,48.66,14.71,42.63,5.10,55.14,4:37.92,7078726,wa_2015
14,Thomas van der Plaetsen,BEL,8035 SB,Mark,11.44,7.42,13.83,2.13,50.28,14.76,43.01,5.30,55.23,4:47.38,7078726,wa_2015
15,Zachery Ziemek,USA,8006,Mark,10.81,7.57,13.38,2.04,49.89,15.29,44.19,5.20,56.50,4:56.66,7078726,wa_2015
16,Akihiko Nakamura,JPN,7745,Mark,10.86,7.26,11.67,1.95,47.81,14.72,33.48,4.70,53.57,4:16.36,7078726,wa_2015
17,Paweł Wiesiołek,POL,7705,Mark,11.07,7.08,13.50,1.98,48.55,14.82,41.55,4.50,54.08,4:39.31,7078726,wa_2015
18,Pau Tonnesen,ESP,7606,Mark,11.26,7.21,13.74,2.04,50.24,15.12,45.28,4.80,60.42,5:33.73,7078726,wa_2015
19,Janek Õiglane,EST,7581,Mark,11.51,6.78,14.43,1.92,50.95,15.33,40.94,4.60,68.51,4:43.06,7078726,wa_2015
20,Keisuke Ushiro,JPN,7532,Mark,11.51,6.73,14.93,1.89,50.85,15.43,46.85,4.70,56.52,4:43.51,7078726,wa_2015
21,Jorge Ureña,ESP,6858,Mark,10.99,7.30,12.74,2.01,49.17,14.41,35.20,NM,53.17,4:42.21,7078726,wa_2015
22,Niels Pittomvils,BEL,6678,Mark,11.39,6.86,12.77,1.92,49.45,15.09,39.90,NM,52.96,4:27.40,7078726,wa_2015
,Trey Hardee,USA,DNF,Mark,10.56,7.30,10.20,DNS,,,,,,,7078726,wa_2015
,Luiz Alberto de Araújo,BRA,DNF,Mark,10.92,6.94,14.84,DNS,,,,,,,7078726,wa_2015
,Eelco Sintnicolaas,NED,DNF,Mark,10.62,7.50,14.65,1.92,47.93,DNS,DNS,DNS,,,7078726,wa_2015
,Yordani García,CUB,DNF,Mark,10.77,6.82,14.54,2.04,48.67,DNF,DNS,DNS,,,7078726,wa_2015
,Willem Coertzen,RSA,DNF,Mark,10.98,7.25,13.75,1.95,DNS,,,,,,7078726,wa_2015
,Jeremy Taiwo,USA,DNF,Mark,11.06,7.15,14.18,2.10,47.94,14.81,41.01,DNS,,,7078726,wa_2015
,Felipe dos Santos,BRA,DNF,Mark,10.53,7.54,13.61,2.01,47.89,14.64,36.66,4.80,DNS,,7078726,wa_2015
1,Kevin Mayer,FRA,8768 WL,Mark,10.70,7.52,15.72,2.08,48.26,13.75,47.14,5.10,66.10,4:36.73,7093740,wa_2017
2,Rico Freimuth,GER,8564,Mark,10.53,7.48,14.85,1.99,48.41,13.68,51.17,4.80,62.34,4:41.57,7093740,wa_2017
3,Kai Kazmirek,GER,8488 SB,Mark,10.91,7.64,13.78,2.11,47.19,14.66,45.06,5.10,62.45,4:38.07,7093740,wa_2017
4,Janek Õiglane,EST,8371 PB,Mark,11.08,7.33,15.13,2.05,49.58,14.56,42.11,5.10,71.73,4:39.24,7093740,wa_2017
5,Damian Warner,CAN,8309,Mark,10.50,7.44,13.45,2.02,47.47,13.63,40.67,4.70,56.63,4:28.39,7093740,wa_2017
6,Oleksiy Kasyanov,UKR,8234,Mark,10.77,7.28,14.99,2.02,48.64,14.05,48.79,4.70,50.82,4:33.86,7093740,wa_2017
7,Kurt Felix,GRN,8227,Mark,11.08,7.46,15.01,2.08,49.09,14.68,45.39,4.50,64.64,4:36.62,7093740,wa_2017
8,Adam Sebastian Helcelet,CZE,8222,Mark,11.28,7.03,14.57,2.02,49.51,14.38,44.71,4.90,71.56,4:36.85,7093740,wa_2017
9,Jorge Ureña,ESP,8125 PB,Mark,11.00,7.30,13.91,2.08,48.72,14.15,36.33,5.00,56.06,4:26.46,7093740,wa_2017
10,Devon Williams,USA,8088,Mark,10.93,7.44,14.43,1.96,48.11,14.27,44.29,4.60,57.93,4:40.50,7093740,wa_2017
11,Ashley Bryant,GBR,8049,Mark,11.14,7.44,14.09,1.96,49.24,14.75,43.95,4.30,67.97,4:27.15,7093740,wa_2017
12,Martin Roe,NOR,8040,Mark,10.90,7.50,15.22,1.93,49.09,15.15,48.24,4.50,58.30,4:39.24,7093740,wa_2017
13,Karl-Robert Saluri,EST,8025 SB,Mark,10.55,7.49,13.98,1.84,47.76,15.36,40.43,5.00,57.12,4:31.31,7093740,wa_2017
14,Pau Tonnesen,ESP,8006,Mark,11.26,7.21,13.76,2.08,50.85,14.57,43.07,5.40,55.13,4:46.31,7093740,wa_2017
15,Bastien Auzeil,FRA,7922 SB,Mark,11.35,6.87,15.23,1.96,50.36,14.59,46.86,4.80,60.80,4:39.80,7093740,wa_2017
16,Pieter Braun,NED,7890,Mark,11.22,7.17,14.48,1.93,48.54,14.67,42.59,4.70,59.26,4:38.40,7093740,wa_2017
17,Dominik Distelberger,AUT,7857,Mark,11.03,7.11,12.93,1.87,48.13,14.59,43.18,5.00,56.46,4:39.15,7093740,wa_2017
18,Cedric Dubler,AUS,7728,Mark,11.06,7.29,11.36,2.08,48.31,14.92,40.85,4.90,52.10,4:50.31,7093740,wa_2017
19,Akihiko Nakamura,JPN,7646,Mark,11.06,7.28,11.37,1.96,48.98,14.43,33.65,4.70,54.22,4:22.62,7093740,wa_2017
20,Keisuke Ushiro,JPN,7498,Mark,11.53,6.64,13.43,1.96,51.43,15.35,47.64,4.60,63.28,4:51.90,7093740,wa_2017
,Larbi Bourrada,ALG,DNF,Mark,10.80,7.22,13.41,1.90,DNS,,,,,,7093740,wa_2017
,Mathias Brugger,GER,DNF,Mark,11.15,7.18,14.80,1.90,DNS,,,,,,7093740,wa_2017
,Luiz Alberto de Araújo,BRA,DNF,Mark,11.07,NM,DNS,,,,,,,,7093740,wa_2017
,Mihail Dudaš,SRB,DNF,Mark,10.75,7.46,13.02,2.02,48.08,DQ,43.23,DNS,,,7093740,wa_2017
,Trey Hardee,USA,DNF,Mark,10.75,7.48,15.16,1.99,48.78,DQ,NM,DNS,,,7093740,wa_2017
,Fredrik Samuelsson,SWE,DNF,Mark,11.24,7.11,13.82,DNS,DNS,,,,,,7093740,wa_2017
,Ilya Shkurenyov,ANA,DNF,Mark,11.17,7.62,13.48,2.08,49.02,DQ,DNS,DNS,,,7093740,wa_2017
,Sutthisak Singkhon,THA,DNF,Mark,11.16,7.65,13.34,DNS,DNS,,,,,,7093740,wa_2017
,Eelco Sintnicolaas,NED,DNF,Mark,10.96,7.31,14.32,1.90,48.73,14.32,40.25,DNS,,,7093740,wa_2017
,Leonel Suárez,CUB,DNF,Mark,15.93,DNS,DNS,,,,,,,,7093740,wa_2017
,Maicel Uibo,EST,DNF,Mark,11.35,6.97,14.08,2.02,50.61,14.90,47.88,NM,,,7093740,wa_2017
,Thomas van der Plaetsen,BEL,DNF,Mark,11.35,7.09,13.03,1.96,DNS,,,,,,7093740,wa_2017
,Lindon Victor,GRN,DNF,Mark,10.83,6.98,15.86,1.99,49.30,15.36,NM,NM,,,7093740,wa_2017
,Zachery Ziemek,USA,DNF,Mark,10.99,7.08,14.01,1.99,50.32,15.36,47.32,5.10,58.35,DNS,7093740,wa_2017
,Jefferson Dos Santos,BRA,DNS,Mark,DNS,DNS,DNS,,,,,,,,7093740,wa_2017
1,Niklas Kaul,GER,8691 PB,Mark,11.27,7.19,15.10,2.02,48.48,14.64,49.20,5.00,79.05,4:15.70,7125365,wa_2019
2,Maicel Uibo,EST,8604 PB,Mark,11.10,7.46,15.12,2.17,50.44,14.43,46.64,5.40,63.83,4:31.51,7125365,wa_2019
3,Damian Warner,CAN,8529,Mark,10.35,7.67,15.17,2.02,48.12,13.56,42.19,4.70,62.87,4:40.77,7125365,wa_2019
4,Ilya Shkurenyov,ANA,8494 SB,Mark,11.02,7.61,14.71,2.11,49.36,14.28,48.75,5.20,59.56,4:41.95,7125365,wa_2019
5,Pierce LePage,CAN,8445,Mark,10.36,7.79,13.21,2.05,47.35,14.19,41.19,5.20,57.42,4:45.09,7125365,wa_2019
6,Janek Õiglane,EST,8297 SB,Mark,10.94,7.32,15.20,1.96,49.14,15.13,43.37,5.00,72.46,4:36.24,7125365,wa_2019
7,Pieter Braun,NED,8222,Mark,11.16,7.47,15.26,2.02,48.79,14.59,45.59,4.80,59.84,4:35.62,7125365,wa_2019
8,Solomon Simmons,USA,8151,Mark,10.70,7.37,15.33,1.96,49.31,14.10,46.26,4.80,53.25,4:44.17,7125365,wa_2019
9,Thomas van der Plaetsen,BEL,8125,Mark,11.38,7.20,13.78,2.08,50.89,14.80,46.17,5.30,63.67,4:43.95,7125365,wa_2019
10,Tim Nowak,GER,8122,Mark,11.12,7.07,14.69,2.02,49.60,14.60,45.02,4.90,56.76,4:22.18,7125365,wa_2019
11,Cedric Dubler,AUS,8101,Mark,10.75,7.25,12.43,2.02,48.41,14.13,44.30,4.70,59.04,4:34.75,7125365,wa_2019
12,Paweł Wiesiołek,POL,8064,Mark,10.76,7.02,15.26,1.96,49.37,14.65,47.20,4.90,55.00,4:42.06,7125365,wa_2019
13,Vitaliy Zhuk,BLR,8058,Mark,10.95,6.63,15.13,1.96,48.08,14.49,46.64,4.80,58.66,4:35.45,7125365,wa_2019
14,Harrison Williams,USA,7892,Mark,10.76,7.14,13.78,1.93,47.93,14.43,44.23,4.80,48.59,4:40.96,7125365,wa_2019
15,Fredrik Samuelsson,SWE,7860,Mark,11.13,7.11,13.97,2.02,50.08,14.78,42.71,4.80,57.39,4:39.48,7125365,wa_2019
16,Keisuke Ushiro,JPN,7545,Mark,11.44,6.90,14.31,1.90,51.42,15.26,48.41,4.50,61.36,4:52.12,7125365,wa_2019
17,Kai Kazmirek,GER,7414,Mark,10.82,7.26,14.30,2.05,47.35,DNF,44.85,5.20,60.08,4:49.16,7125365,wa_2019
18,Martin Roe,NOR,6845,Mark,10.94,7.28,15.08,1.87,DQ,15.86,47.18,4.60,60.61,5:08.91,7125365,wa_2019
19,Georni Jaramillo,VEN,6645,Mark,10.88,7.47,15.42,NM,48.66,14.19,44.00,4.40,58.15,DNF,7125365,wa_2019
,Kevin Mayer,FRA,DNF,Mark,10.50,7.56,16.82,1.99,48.99,13.87,48.34,NM,DNS,,7125365,wa_2019
,Devon Williams,USA,DNF,Mark,10.84,7.36,13.76,1.93,48.37,13.91,47.32,NM,DNS,,7125365,wa_2019
,Lindon Victor,GRN,DNF,Mark,10.66,7.51,16.24,2.05,48.55,14.82,NM,NM,DNS,,7125365,wa_2019
,Basile Rolnin,FRA,DNF,Mark,11.42,DNS,DNS,DNS,DNS,,,,,,7125365,wa_2019
,Timothy Duckworth,GBR,DNF,Mark,DNS,DNS,DNS,DNS,DNS,,,,,,7125365,wa_2019
1,Kevin MAYER,FRA,8816 SB,Mark,10.62,7.54,14.98,2.05,49.40,13.92,49.44,5.40,70.31,4:41.44,7137279,wa_2022
2,Pierce LEPAGE,CAN,8701 PB,Mark,10.39,7.54,14.83,1.99,46.84,13.78,53.26,5.00,57.52,4:42.77,7137279,wa_2022
3,Zachery ZIEMEK,USA,8676 PB,Mark,10.57,7.70,15.37,2.08,49.56,14.47,48.40,5.40,62.18,4:44.97,7137279,wa_2022
4,Ayden OWENS-DELERME,PUR,8532 NR,Mark,10.52,7.64,14.97,2.02,45.07,13.88,42.36,4.50,50.98,4:13.02,7137279,wa_2022
5,Lindon VICTOR,GRN,8474 SB,Mark,10.78,7.26,16.29,2.02,49.27,14.76,53.92,4.80,66.20,4:47.22,7137279,wa_2022
6,Niklas KAUL,GER,8434 SB,Mark,11.22,7.09,14.52,2.05,48.39,14.27,44.62,4.80,69.74,4:13.81,7137279,wa_2022
7,Maicel UIBO,EST,8425 SB,Mark,11.14,7.32,15.17,2.11,50.38,14.49,46.52,5.30,63.54,4:37.58,7137279,wa_2022
8,Cedric DUBLER,AUS,8246,Mark,10.93,7.56,12.87,2.08,47.71,14.28,42.88,5.10,54.76,4:37.26,7137279,wa_2022
9,Johannes ERM,EST,8227,Mark,10.94,7.37,15.01,1.93,47.02,14.38,44.18,4.70,56.87,4:25.08,7137279,wa_2022
10,Leo NEUGEBAUER,GER,8182,Mark,11.07,7.46,15.83,1.99,48.34,14.86,51.88,4.80,52.80,4:48.41,7137279,wa_2022
11,Kyle GARLAND,USA,8133,Mark,10.69,7.41,15.24,2.14,49.64,14.18,45.44,4.60,53.23,4:58.94,7137279,wa_2022
12,Kai KAZMIREK,GER,8113 SB,Mark,11.19,7.49,14.29,2.02,49.33,14.43,40.96,5.00,62.52,4:43.51,7137279,wa_2022
13,Jiří SÝKORA,CZE,8107 SB,Mark,11.11,7.14,14.89,1.93,49.29,14.14,54.39,4.60,61.49,4:55.90,7137279,wa_2022
14,Daniel GOLUBOVIC,AUS,8071 SB,Mark,10.99,6.96,15.00,1.96,49.44,13.92,46.37,4.60,56.75,4:29.67,7137279,wa_2022
15,Sander SKOTHEIM,NOR,8062,Mark,10.88,7.55,13.69,2.17,49.80,15.05,42.89,4.70,55.47,4:40.84,7137279,wa_2022
16,Steven BASTIEN,USA,7939,Mark,10.93,7.41,13.36,2.02,47.95,14.75,40.66,4.70,55.80,4:40.92,7137279,wa_2022
17,Ken MULLINGS,BAH,7866 NR,Mark,10.83,6.96,13.83,2.05,49.25,14.02,42.70,4.50,56.92,4:52.85,7137279,wa_2022
18,Tim NOWAK,GER,7008,Mark,11.43,7.13,14.44,2.05,50.94,14.91,42.13,NM,56.52,4:26.87,7137279,wa_2022
,Ashley MOLONEY,AUS,DNF,Mark,10.49,7.46,14.28,1.96,46.88,14.46,42.45,DNS,,,7137279,wa_2022
,Janek ÕIGLANE,EST,DNF,Mark,11.12,7.26,14.83,2.05,49.16,14.69,30.49,DNS,,,7137279,wa_2022
,Damian WARNER,CAN,DNF,Mark,10.27,7.87,14.99,2.05,DNF,DNS,DNS,DNS,,,7137279,wa_2022
,Marcus NILSSON,SWE,DNF,Mark,11.46,5.90,DNS,DNS,DNS,,,,,,7137279,wa_2022
,Andy PRECIADO,ECU,DNF,Mark,DNF,DNS,DNS,DNS,DNS,,,,,,7137279,wa_2022
1,Pierce LEPAGE,CAN,8909 WL,Mark,10.45,7.59,15.81,2.08,47.21,13.77,50.98,5.20,60.90,4:39.88,7138987,wa_2023
2,Damian WARNER,CAN,8804 SB,Mark,10.32,7.77,15.03,2.05,47.86,13.67,45.82,4.90,63.09,4:27.73,7138987,wa_2023
3,Lindon VICTOR,GRN,8756 NR,Mark,10.60,7.55,15.94,2.02,48.05,14.47,54.97,4.80,68.05,4:39.67,7138987,wa_2023
4,Karel TILGA,EST,8681 PB,Mark,10.84,7.58,15.75,2.05,48.58,14.68,50.57,4.80,66.42,4:20.73,7138987,wa_2023
5,Leo NEUGEBAUER,GER,8645,Mark,10.69,8.00,17.04,2.02,47.99,14.75,47.63,5.10,57.95,4:43.93,7138987,wa_2023
6,Janek ÕIGLANE,EST,8524 PB,Mark,10.94,7.47,15.08,2.02,48.41,14.51,40.85,5.10,70.45,4:23.43,7138987,wa_2023
7,Harrison WILLIAMS,USA,8500,Mark,10.74,7.49,15.28,1.93,46.52,14.33,43.39,5.30,54.60,4:22.69,7138987,wa_2023
8,Markus ROOTH,NOR,8491,Mark,10.84,7.62,13.22,2.02,48.27,14.47,48.78,5.10,64.84,4:34.11,7138987,wa_2023
9,Johannes ERM,EST,8484 PB,Mark,10.69,7.72,15.38,1.93,47.05,14.90,45.09,4.90,60.56,4:22.19,7138987,wa_2023
10,Sander SKOTHEIM,NOR,8263,Mark,10.89,7.80,13.35,2.11,48.48,14.96,39.07,4.80,59.05,4:19.64,7138987,wa_2023
11,Manuel EITEL,GER,8191,Mark,10.44,7.14,14.85,1.99,48.47,14.39,41.30,4.70,60.12,4:33.70,7138987,wa_2023
12,Daniel GOLUBOVIC,AUS,8141,Mark,11.10,7.09,15.14,1.93,49.87,14.18,48.47,4.80,58.95,4:29.51,7138987,wa_2023
13,Rik TAAM,NED,8098,Mark,10.64,7.11,14.89,1.84,47.12,14.80,43.04,4.70,57.96,4:22.70,7138987,wa_2023
14,José Fernando FERREIRA,BRA,7935,Mark,10.77,6.92,12.90,1.93,49.31,13.94,42.60,4.80,69.19,5:00.91,7138987,wa_2023
15,Yuma MARUYAMA,JPN,7844 PB,Mark,10.90,7.00,13.40,1.96,50.75,14.18,41.56,4.60,60.14,4:32.01,7138987,wa_2023
,Ayden OWENS-DELERME,PUR,DNF,Mark,10.43,7.72,14.30,1.90,46.44,14.04,44.17,NM,DNS,,7138987,wa_2023
,Kyle GARLAND,USA,DNF,Mark,10.59,7.54,14.44,2.08,49.24,13.93,43.07,NM,,,7138987,wa_2023
,Marcus NILSSON,SWE,DNF,Mark,11.43,7.00,14.49,1.93,51.36,15.06,45.04,NM,DNS,,7138987,wa_2023
,Zachery ZIEMEK,USA,DNF,Mark,10.58,7.62,15.39,1.99,DNS,,,,,,7138987,wa_2023
,Niklas KAUL,GER,DNF,Mark,11.20,7.16,14.85,2.02,DNS,,,,,,7138987,wa_2023
,Cedric DUBLER,AUS,DNF,Mark,10.82,7.40,12.68,1.99,DNS,,,,,,7138987,wa_2023
,Ashley MOLONEY,AUS,DNF,Mark,10.60,6.98,14.08,DNS,DNS,,,,,,7138987,wa_2023
,Larbi BOURRADA,ALG,DNF,Mark,11.01,7.09,12.44,DNS,DNS,,,,,,7138987,wa_2023
,Kevin MAYER,FRA,DNF,Mark,10.79,7.25,DNS,DNS,DNS,,,,,,7138987,wa_2023
1,Leo NEUGEBAUER,GER,8804 SB,Mark,10.80,7.62,16.70,1.99,48.27,14.80,56.15,5.10,64.34,4:31.89,7190593,wa_2025
2,Ayden OWENS-DELERME,PUR,8784 NR,Mark,10.31,7.32,15.55,1.96,46.46,13.65,46.12,5.10,58.79,4:17.91,7190593,wa_2025
3,Kyle GARLAND,USA,8703,Mark,10.51,7.92,17.02,2.11,48.73,14.30,48.06,4.80,59.78,4:45.45,7190593,wa_2025
4,Niklas KAUL,GER,8538,Mark,11.34,7.21,14.58,2.05,48.13,14.45,47.29,4.70,78.19,4:20.76,7190593,wa_2025
5,Johannes ERM,EST,8431 SB,Mark,10.78,7.63,15.18,1.96,47.51,14.52,45.21,5.10,56.32,4:29.15,7190593,wa_2025
6,Heath BALDWIN,USA,8337,Mark,11.01,7.26,15.33,2.08,48.44,14.16,41.01,4.80,65.24,4:33.42,7190593,wa_2025
7,Harrison WILLIAMS,USA,8269 SB,Mark,10.79,6.88,14.87,1.90,46.88,14.56,45.61,5.20,55.44,4:22.72,7190593,wa_2025
8,Kendrick THOMPSON,BAH,8175,Mark,10.67,7.54,12.56,2.02,47.93,14.15,36.10,4.60,68.02,4:32.26,7190593,wa_2025
9,Makenson GLETTY,FRA,8146,Mark,10.92,6.98,15.31,1.96,50.49,14.06,42.00,4.90,62.89,4:27.90,7190593,wa_2025
10,Jente HAUTTEKEETE,BEL,8116,Mark,10.85,7.04,14.58,1.99,49.36,14.49,44.09,5.00,55.44,4:27.91,7190593,wa_2025
11,Vilém STRÁSKÝ,CZE,8110,Mark,10.90,7.46,14.19,1.93,49.43,14.40,44.14,5.00,53.08,4:27.04,7190593,wa_2025
12,Antoine FERRANTI,FRA,8003,Mark,11.19,7.23,13.60,2.05,48.64,14.78,43.04,4.60,53.06,4:13.52,7190593,wa_2025
13,José Fernando FERREIRA,BRA,7927 SB,Mark,10.94,7.08,13.74,1.90,49.78,13.85,44.88,4.80,64.23,4:59.87,7190593,wa_2025
14,Xiang FEI,CHN,7347,Mark,11.12,7.16,13.45,1.90,50.19,14.71,40.57,4.80,41.71,4:58.39,7190593,wa_2025
15,Ondřej KOPECKÝ,CZE,7184,Mark,11.18,7.47,14.56,1.93,49.19,14.43,48.49,NM,55.28,4:43.98,7190593,wa_2025
16,Karel TILGA,EST,6073,Mark,11.02,7.31,15.78,NM,48.64,14.99,50.61,NM,69.33,DNF,7190593,wa_2025
,Lindon VICTOR,GRN,DNF,Mark,10.60,7.01,14.73,1.93,48.80,14.92,52.34,NM,DNS,,7190593,wa_2025
,Sander SKOTHEIM,NOR,DNF,Mark,10.91,7.97,14.50,2.14,47.86,DQ,DNS,,,,7190593,wa_2025
,Pierce LEPAGE,CAN,DNF,Mark,10.84,6.92,14.87,1.96,DNS,,,,,,7190593,wa_2025
,Simon EHAMMER,SUI,DNF,Mark,10.66,7.97,14.28,NM,DNS,,,,,,7190593,wa_2025
,Sven ROOSEN,NED,DNF,Mark,10.72,7.26,14.93,NM,DNS,,,,,,7190593,wa_2025
,Till STEINFORTH,GER,DNF,Mark,11.16,7.07,13.73,DNS,,,,,,,7190593,wa_2025
,Janek ÕIGLANE,EST,DNF,Mark,11.16,6.61,13.71,DNS,,,,,,,7190593,wa_2025
,Damian WARNER,CAN,DNS,Mark,DNS,DNS,DNS,,,,,,,,7190593,wa_2025
1,Erki Nool,EST,8641,Mark,10.68,7.76,15.11,2.00,46.71,14.48,43.66,5.00,65.82,4:29.48,6951910,og_2000
2,Roman Šebrle,CZE,8606,Mark,10.92,7.62,15.22,2.12,48.20,13.87,44.39,4.80,64.04,4:28.79,6951910,og_2000
3,Chris Huffins,USA,8595 SB,Mark,10.48,7.71,15.27,2.09,48.31,13.91,49.55,4.70,56.62,4:38.71,6951910,og_2000
4,Dean Macey,GBR,8567 PB,Mark,10.81,7.77,14.62,2.09,46.41,14.53,43.37,4.80,60.38,4:23.45,6951910,og_2000
5,Tom Pappas,USA,8425,Mark,10.82,7.41,14.87,2.21,48.64,14.15,41.42,4.90,62.26,4:45.10,6951910,og_2000
6,Tomáš Dvořák,CZE,8385,Mark,10.91,7.50,15.91,1.97,49.11,14.34,47.15,4.40,69.94,4:32.23,6951910,og_2000
7,Frank Busemann,GER,8351,Mark,10.91,7.64,14.52,2.09,48.97,14.16,33.71,5.00,64.91,4:25.32,6951910,og_2000
8,Attila Zsivoczky-Pandel,HUN,8277,Mark,11.10,7.00,14.96,2.06,48.61,15.27,47.43,4.80,65.87,4:23.37,6951910,og_2000
9,Stefan Schmid,GER,8206,Mark,10.94,7.17,14.04,2.00,48.61,14.38,40.81,5.00,67.03,4:36.49,6951910,og_2000
10,Henrik Dagård,SWE,8178 SB,Mark,10.84,7.08,14.97,1.94,48.75,14.30,42.95,5.10,65.05,4:49.51,6951910,og_2000
11,Zsolt Kürtösi,HUN,8149 PB,Mark,11.00,7.19,15.13,2.00,48.81,14.15,46.62,4.80,57.16,4:43.39,6951910,og_2000
12,Mário Aníbal,POR,8136 NR,Mark,10.97,6.90,15.39,2.03,48.71,14.71,45.01,4.90,57.51,4:32.68,6951910,og_2000
13,Lev Lobodin,RUS,8071,Mark,10.75,7.18,15.75,1.94,48.87,14.02,44.55,5.00,50.16,4:50.73,6951910,og_2000
14,Jiří Ryba,CZE,8056,Mark,11.14,7.10,14.21,2.00,48.97,14.99,42.83,4.90,57.76,4:18.21,6951910,og_2000
15,Raúl Duany Bueno,CUB,8054,Mark,11.09,7.33,13.34,2.06,49.73,14.44,41.17,4.60,64.31,4:29.68,6951910,og_2000
16,Oleksandr Yurkov,UKR,7993,Mark,10.89,6.68,14.78,1.97,48.66,15.02,48.67,5.00,54.77,4:39.94,6951910,og_2000
17,Indrek Kaseorg,EST,7932,Mark,11.31,7.22,13.26,1.97,50.03,14.57,41.98,4.80,66.54,4:35.64,6951910,og_2000
18,Klaus Ambrosch,AUT,7917,Mark,11.01,7.17,15.30,1.91,50.23,14.92,41.22,4.60,67.94,4:40.94,6951910,og_2000
19,Laurent Hernu,FRA,7909,Mark,11.19,7.14,13.54,2.06,50.63,14.51,41.78,5.00,56.34,4:37.82,6951910,og_2000
20,Wilfrid Boulineau,FRA,7821,Mark,11.07,7.08,13.38,2.03,49.82,15.02,39.86,4.80,59.69,4:35.59,6951910,og_2000
21,Kip Janvrin,USA,7726,Mark,11.26,6.63,13.57,1.85,49.12,15.15,42.20,5.00,56.84,4:17.81,6951910,og_2000
22,Volodymyr Mykhaylenko,UKR,7676,Mark,11.10,7.04,13.53,2.06,48.80,14.84,40.45,4.60,47.27,4:36.23,6951910,og_2000
23,Fedir Laukhin,UKR,7652,Mark,11.21,7.01,13.16,2.03,49.64,15.16,38.33,4.90,55.53,4:41.48,6951910,og_2000
24,Eduard Hämäläinen,FIN,7520,Mark,11.01,7.19,14.06,1.85,48.14,14.37,35.98,4.80,47.11,4:54.18,6951910,og_2000
25,Mike Maczey,GER,7228,Mark,11.17,7.10,13.84,2.03,49.91,DNF,43.64,5.10,61.49,4:27.99,6951910,og_2000
,Oleg Veretelnikov,UZB,,Mark,12.17,,,,,,,,,,6951910,og_2000
,Aki Heikkinen,FIN,,Mark,11.15,NM,13.37,,,,,,,,6951910,og_2000
,Jón Arnar Magnússon,ISL,,Mark,10.85,NM,15.48,,,,,,,,6951910,og_2000
,Scott Ferrier,AUS,,Mark,11.11,7.19,13.50,1.97,,,,,,,6951910,og_2000
,Eugenio Balanqué,CUB,,Mark,10.87,6.19,14.90,1.94,48.23,14.36,46.56,,,,6951910,og_2000
,Philipp Huber,SUI,,Mark,11.35,,,,,,,,,,6951910,og_2000
,Georgios Andréou,CYP,,Mark,10.97,6.73,14.24,,,,,,,,6951910,og_2000
,Sébastien Levicq,FRA,,Mark,11.48,6.57,13.53,,,,,,,,6951910,og_2000
,Pródromos Korkízoglou,GRE,,Mark,10.74,7.16,13.70,1.97,53.57,,,,,,6951910,og_2000
,Trond Høiby,NOR,,Mark,11.56,6.22,14.03,,,,,,,,6951910,og_2000
,Francisco Javier Benet,ESP,,Mark,11.42,6.32,,,,,,,,,6951910,og_2000
,Claston Bernard,JAM,,Mark,10.79,NM,13.68,2.09,49.77,15.01,41.15,,,,6951910,og_2000
,Roman Razbeyko,RUS,,Mark,11.45,6.82,13.98,1.97,,,,,,,6951910,og_2000
1,Roman Šebrle,CZE,8893 OR,Mark,10.85,7.84,16.36,2.12,48.36,14.05,48.72,5.00,70.52,4:40.01,6913163,og_2004
2,Bryan Clay,USA,8820 PB,Mark,10.44,7.96,15.23,2.06,49.19,14.13,50.11,4.90,69.71,4:41.65,6913163,og_2004
3,Dmitriy Karpov,KAZ,8725 AR,Mark,10.50,7.81,15.93,2.09,46.81,13.97,51.65,4.60,55.54,4:38.11,6913163,og_2004
4,Dean Macey,GBR,8414 SB,Mark,10.89,7.47,15.73,2.15,48.97,14.56,48.34,4.40,58.46,4:25.42,6913163,og_2004
5,Chiel Warners,NED,8343 SB,Mark,10.62,7.74,14.48,1.97,47.97,14.01,43.73,4.90,55.39,4:38.05,6913163,og_2004
6,Attila Zsivoczky-Pandel,HUN,8287 SB,Mark,10.91,7.14,15.31,2.12,49.40,14.95,45.62,4.70,63.45,4:29.54,6913163,og_2004
7,Laurent Hernu,FRA,8237 SB,Mark,10.97,7.19,14.65,2.03,48.73,14.25,44.72,4.80,57.76,4:24.35,6913163,og_2004
8,Erki Nool,EST,8235,Mark,10.80,7.53,14.26,1.88,48.81,14.80,42.05,5.40,61.33,4:36.33,6913163,og_2004
9,Claston Bernard,JAM,8225 NR,Mark,10.69,7.48,14.80,2.12,49.13,14.17,44.75,4.40,55.27,4:36.31,6913163,og_2004
10,Roland Schwarzl,AUT,8102 PB,Mark,10.98,7.49,14.01,1.94,49.76,14.25,42.43,5.10,56.32,4:33.56,6913163,og_2004
11,Aleksandr Pogorelov,RUS,8084 SB,Mark,10.95,7.31,15.10,2.06,50.79,14.21,44.60,5.00,53.45,4:47.63,6913163,og_2004
12,Florian Schönbeck,GER,8077,Mark,10.90,7.30,14.77,1.88,50.30,14.34,44.41,5.00,60.89,4:38.82,6913163,og_2004
13,Romain Barras,FRA,8067 SB,Mark,11.14,6.99,14.91,1.94,49.41,14.37,44.83,4.60,64.55,4:27.09,6913163,og_2004
14,Maurice Smith,JAM,8023,Mark,10.85,6.81,15.24,1.91,49.27,14.01,49.02,4.20,61.52,4:32.74,6913163,og_2004
15,Nikolay Averyanov,RUS,8021,Mark,10.55,7.34,14.44,1.94,49.72,14.39,39.88,4.80,54.51,4:31.02,6913163,og_2004
16,Jaakko Ojaniemi,FIN,8006 SB,Mark,10.68,7.50,14.97,1.94,49.12,15.01,40.35,4.60,59.26,4:35.71,6913163,og_2004
17,Vitaliy Smirnov,UZB,7993,Mark,10.89,7.07,13.88,1.94,49.11,14.77,42.47,4.70,60.88,4:23.31,6913163,og_2004
18,Haifeng Qi,CHN,7934,Mark,11.06,7.34,13.55,1.97,49.65,14.78,45.13,4.50,60.79,4:32.63,6913163,og_2004
19,Stefan Drews,GER,7926,Mark,10.87,7.38,13.07,1.88,48.51,14.01,40.11,5.00,51.53,4:34.21,6913163,og_2004
20,Aliaksandr Parkhomenka,BLR,7918 SB,Mark,11.14,6.61,15.69,2.03,51.04,14.88,41.90,4.80,65.82,4:37.94,6913163,og_2004
21,Paul Terek,USA,7893,Mark,10.92,6.94,15.15,1.94,49.56,15.12,45.62,5.30,50.62,4:50.36,6913163,og_2004
22,David Gómez,ESP,7865,Mark,11.08,7.26,14.57,1.85,48.61,14.41,40.95,4.40,60.71,4:29.70,6913163,og_2004
23,Indrek Turi,EST,7708,Mark,11.08,6.91,13.62,2.03,51.67,14.26,39.83,4.80,59.34,4:50.01,6913163,og_2004
24,Santiago Lorenzo,ARG,7592,Mark,11.10,7.03,13.22,1.85,49.34,15.38,40.22,4.50,58.36,4:23.08,6913163,og_2004
25,Janis Karlivans,LAT,7583,Mark,11.33,7.26,13.30,1.97,50.54,14.98,43.34,4.50,52.92,4:38.67,6913163,og_2004
26,Pródromos Korkízoglou,GRE,7573,Mark,10.86,7.07,14.81,1.94,51.16,14.96,46.07,4.70,53.05,5:17.00,6913163,og_2004
27,Hans Olav Uldal,NOR,7495,Mark,11.23,6.99,13.53,1.85,50.95,15.09,43.01,4.50,60.00,4:41.70,6913163,og_2004
28,Paolo Casarsa,ITA,7404,Mark,11.36,6.68,14.92,1.94,53.20,15.39,48.66,4.40,58.62,4:56.12,6913163,og_2004
29,Eugene Martineau,NED,7185,Mark,10.99,6.84,NM,2.00,49.10,15.02,40.00,4.80,63.62,4:31.79,6913163,og_2004
30,Victor Covalenco,MDA,6543,Mark,11.28,7.20,13.04,1.85,51.82,15.80,38.19,NM,53.46,4:23.81,6913163,og_2004
,Pavel Andreev,UZB,DNF,Mark,11.29,NM,14.30,2.00,51.64,15.54,41.89,4.90,DNS,,6913163,og_2004
,Jón Arnar Magnússon,ISL,DNF,Mark,11.05,7.12,14.98,DNS,DNS,DNS,DNS,DNS,,,6913163,og_2004
,Tomáš Dvořák,CZE,DNF,Mark,11.53,DNS,DNS,DNS,DNS,DNS,DNS,,,,6913163,og_2004
,Lev Lobodin,RUS,DNF,Mark,11.05,6.86,DNS,DNS,DNS,DNS,DNS,,,,6913163,og_2004
,Luiggy Llanos,PUR,DNF,Mark,10.94,7.43,13.77,1.91,49.28,14.13,41.82,NM,DNS,,6913163,og_2004
,Dennis Leyckes,GER,DNF,Mark,11.05,7.05,12.84,1.91,DNS,DNS,DNS,,,,6913163,og_2004
,Kristjan Rahnu,EST,DNF,Mark,10.77,NM,14.45,DNS,DNS,DNS,DNS,DNS,,,6913163,og_2004
,Tom Pappas,USA,DNF,Mark,10.80,7.38,16.17,2.03,47.97,14.18,47.39,NM,,,6913163,og_2004
,Ahmad Hassan Moussa,QAT,DNF,Mark,10.79,7.04,13.32,1.82,48.73,DNF,DNS,DNS,,,6913163,og_2004
1,Bryan Clay,USA,8791,Mark,10.44,7.78,16.27,1.99,48.92,13.93,53.79,5.00,70.97,5:06.59,6977748,og_2008
2,Andrei Krauchanka,BLR,8551,Mark,10.96,7.61,14.39,2.11,47.30,14.21,44.58,5.00,60.23,4:27.47,6977748,og_2008
3,Leonel Suárez,CUB,8527 NR,Mark,10.90,7.33,14.49,2.05,47.91,14.15,44.45,4.70,73.98,4:29.17,6977748,og_2008
4,Romain Barras,FRA,8253 SB,Mark,11.26,7.08,15.42,1.96,49.51,14.21,45.17,5.00,65.40,4:29.29,6977748,og_2008
5,Roman Šebrle,CZE,8241 SB,Mark,11.21,7.68,14.78,2.11,49.54,14.71,45.50,4.80,63.93,4:49.63,6977748,og_2008
6,Oleksiy Kasyanov,UKR,8238 PB,Mark,10.53,7.56,15.15,1.96,47.70,14.37,48.39,4.30,51.59,4:28.94,6977748,og_2008
7,André Niklaus,GER,8220,Mark,11.12,7.29,13.23,2.05,49.65,14.37,45.39,5.20,60.21,4:32.90,6977748,og_2008
8,Maurice Smith,JAM,8205,Mark,10.85,7.04,15.09,1.99,47.96,14.08,50.91,4.60,51.52,4:31.62,6977748,og_2008
9,Michael Schrader,GER,8194,Mark,10.80,7.70,13.67,1.99,48.47,14.71,40.41,4.80,60.27,4:26.77,6977748,og_2008
10,Mikk Pahapill,EST,8178 PB,Mark,11.15,7.04,14.36,2.11,50.90,14.51,49.35,4.80,67.07,4:47.03,6977748,og_2008
11,Aleksey Drozdov,RUS,8154,Mark,11.02,7.23,16.26,2.02,51.56,15.51,47.43,5.10,62.57,4:41.34,6977748,og_2008
12,Andres Raja,EST,8118 PB,Mark,10.89,7.29,14.79,1.96,48.98,14.06,39.83,4.80,67.16,4:49.60,6977748,og_2008
13,Eugene Martineau,NED,8055,Mark,11.19,7.19,13.78,1.99,49.99,14.73,44.09,4.70,71.44,4:37.96,6977748,og_2008
14,Yordani García,CUB,7992,Mark,10.64,7.07,15.82,1.96,49.66,13.90,36.73,4.70,65.60,5:00.49,6977748,og_2008
15,Mikalai Shubianok,BLR,7906 SB,Mark,11.31,6.86,14.88,1.99,50.02,14.52,45.80,4.60,62.10,4:38.14,6977748,og_2008
16,Aliaksandr Parkhomenka,BLR,7838,Mark,11.29,6.99,15.49,1.93,50.71,15.06,45.27,4.70,64.60,4:45.17,6977748,og_2008
17,Haifeng Qi,CHN,7835 SB,Mark,11.15,7.22,13.40,1.93,49.39,14.60,46.46,4.30,63.09,4:39.32,6977748,og_2008
18,Massimo Bertocchi,CAN,7714,Mark,11.00,7.05,14.10,1.90,48.72,14.32,44.91,4.70,45.33,4:42.26,6977748,og_2008
19,Jangy Addy,LBR,7665 NR,Mark,10.76,7.38,14.91,1.93,48.51,14.31,42.30,4.20,52.50,5:12.22,6977748,og_2008
20,Daniel Awde,GBR,7516,Mark,11.06,7.12,12.03,1.78,47.16,14.69,37.12,4.90,53.18,4:44.80,6977748,og_2008
21,Hadi Sepehrzad,IRI,7483,Mark,10.92,6.80,16.02,1.90,50.75,14.64,50.32,4.00,49.56,5:06.67,6977748,og_2008
22,Damjan Sitar,SLO,7336,Mark,11.21,7.25,12.41,2.05,50.10,15.03,39.25,4.00,47.23,4:37.37,6977748,og_2008
23,Slaven Dizdarevic,SVK,7021,Mark,11.16,7.02,13.97,1.96,52.02,15.61,39.86,4.00,43.58,4:51.42,6977748,og_2008
24,David Gómez,ESP,6876,Mark,11.12,6.85,13.58,1.81,49.27,14.61,40.17,NM,62.22,4:30.74,6977748,og_2008
25,Mikko Halvari,FIN,6486,Mark,11.18,6.88,13.72,1.93,50.60,16.25,47.71,NM,55.11,5:20.26,6977748,og_2008
,Aleksandr Pogorelov,RUS,DQ,Mark,DQ,DQ,DQ,DQ,DQ,DQ,DQ,DQ,DQ,DQ,6977748,og_2008
,Gonzalo Barroilhet,CHI,DNF,Mark,11.33,7.08,13.23,1.93,51.91,14.26,46.07,NM,DNS,,6977748,og_2008
,Trey Hardee,USA,DNF,Mark,10.52,7.72,13.49,2.05,47.75,14.20,43.55,NM,DNS,,6977748,og_2008
,Janis Karlivans,LAT,DNF,Mark,11.36,7.26,14.85,1.84,51.61,15.28,44.54,DNS,,,6977748,og_2008
,Alexey Sysoev,RUS,DNF,Mark,11.03,6.77,15.42,2.11,50.71,DNF,DNS,DNS,,,6977748,og_2008
,Pavel Andreev,UZB,DNF,Mark,11.47,6.62,14.15,1.99,DNF,DNS,DNS,DNS,,,6977748,og_2008
,Carlos Chinin,BRA,DNF,Mark,10.99,6.94,NM,1.99,49.21,DNS,DNS,DNS,,,6977748,og_2008
,Victor Covalenco,MDA,DNF,Mark,11.87,6.50,13.44,1.81,DNF,DNS,DNS,DNS,,,6977748,og_2008
,Frédéric Xhonneux,BEL,DNF,Mark,11.41,6.94,13.99,1.90,DNF,DNS,DNS,DNS,,,6977748,og_2008
,Arthur Abele,GER,DNF,Mark,10.90,6.47,13.55,1.90,DNS,,,,,,6977748,og_2008
,Hans van Alphen,BEL,DNF,Mark,11.28,6.55,14.86,1.84,DNS,,,,,,6977748,og_2008
,Vitaliy Smirnov,UZB,DNF,Mark,11.56,NM,13.51,DNS,DNS,,,,,,6977748,og_2008
,Tom Pappas,USA,DNF,Mark,11.12,7.41,DNS,DNS,DNS,,,,,,6977748,og_2008
,Attila Zsivoczky-Pandel,HUN,DNF,Mark,11.86,NM,DNS,DNS,DNS,,,,,,6977748,og_2008
,Dmitriy Karpov,KAZ,DNF,Mark,11.83,DNS,DNS,DNS,DNS,,,,,,6977748,og_2008
1,Ashton Eaton,USA,8869,Mark,10.35,8.03,14.66,2.05,46.90,13.56,42.53,5.20,61.96,4:33.59,6999193,og_2012
2,Trey Hardee,USA,8671 SB,Mark,10.42,7.53,15.28,1.99,48.11,13.54,48.26,4.80,66.65,4:40.94,6999193,og_2012
3,Leonel Suárez,CUB,8523 SB,Mark,11.27,7.52,14.50,2.11,49.04,14.45,45.75,4.70,76.94,4:30.08,6999193,og_2012
4,Hans van Alphen,BEL,8447,Mark,11.05,7.64,15.48,2.05,49.18,14.89,48.28,4.80,61.69,4:22.50,6999193,og_2012
5,Damian Warner,CAN,8442 PB,Mark,10.48,7.54,13.73,2.05,48.20,14.38,45.90,4.70,62.77,4:29.85,6999193,og_2012
6,Rico Freimuth,GER,8320,Mark,10.65,7.21,14.87,1.90,48.06,13.89,49.11,4.90,57.37,4:37.62,6999193,og_2012
7,Oleksiy Kasyanov,UKR,8283,Mark,10.56,7.55,14.45,1.99,48.44,14.09,46.72,4.60,54.87,4:33.68,6999193,og_2012
8,Sergey Sviridov,RUS,8219,Mark,10.78,7.45,14.42,1.99,48.91,15.42,47.43,4.60,68.42,4:36.63,6999193,og_2012
9,Willem Coertzen,RSA,8173,Mark,11.09,7.17,13.79,2.05,48.56,14.15,43.58,4.50,64.79,4:26.52,6999193,og_2012
10,Pascal Behrenbruch,GER,8126,Mark,11.06,7.15,15.67,1.96,50.04,14.33,44.71,4.70,64.80,4:37.46,6999193,og_2012
11,Eelco Sintnicolaas,NED,8034,Mark,10.85,7.37,14.18,1.93,48.85,14.43,32.26,5.30,58.82,4:31.17,6999193,og_2012
12,Brent Newdick,NZL,7988,Mark,11.10,7.36,15.09,1.96,50.22,15.02,46.15,4.70,59.82,4:38.20,6999193,og_2012
13,Gonzalo Barroilhet,CHI,7972,Mark,11.18,6.80,14.49,2.05,51.07,14.12,41.27,5.40,57.25,4:48.23,6999193,og_2012
14,Yordani García,CUB,7956,Mark,10.80,6.75,14.48,1.99,48.76,14.24,42.27,4.60,59.85,4:38.57,6999193,og_2012
15,Kevin Mayer,FRA,7952,Mark,11.32,7.17,14.05,2.05,48.76,15.59,41.20,4.70,62.41,4:23.02,6999193,og_2012
16,Ilya Shkurenyov,RUS,7948,Mark,11.01,7.25,12.89,2.02,49.81,14.39,43.51,5.10,53.81,4:42.80,6999193,og_2012
17,Eduard Mikhan,BLR,7928,Mark,10.74,6.94,14.75,1.93,48.42,14.15,44.42,4.40,55.69,4:38.06,6999193,og_2012
18,Dmitriy Karpov,KAZ,7926,Mark,10.91,7.21,16.47,1.99,49.83,14.40,44.93,5.10,49.93,5:16.83,6999193,og_2012
19,Luiz Alberto de Araújo,BRA,7849,Mark,10.70,7.16,13.52,1.93,48.25,14.79,44.76,4.60,51.59,4:38.04,6999193,og_2012
20,Keisuke Ushiro,JPN,7842,Mark,11.32,6.86,13.59,1.99,50.78,15.47,46.66,4.90,66.38,4:39.33,6999193,og_2012
21,Ingmar Vos,NED,7805,Mark,10.98,7.27,13.77,1.96,49.62,14.61,42.26,4.50,61.60,4:50.01,6999193,og_2012
22,Edgars Erinš,LAT,7649,Mark,10.99,6.98,13.45,1.93,50.62,15.22,45.10,4.50,57.35,4:35.88,6999193,og_2012
23,Jangy Addy,LBR,7586,Mark,10.89,6.90,14.97,1.93,48.64,14.23,45.61,4.20,50.36,5:08.14,6999193,og_2012
24,Attila Szabó,HUN,7581,Mark,11.15,6.96,13.93,1.90,50.83,14.92,45.14,4.60,58.84,4:53.81,6999193,og_2012
25,Darius Draudvila,LTU,7557,Mark,10.95,7.12,15.17,1.96,50.13,14.87,46.43,4.20,50.16,5:03.14,6999193,og_2012
26,Rifat Artikov,UZB,7203,Mark,11.37,6.41,14.11,1.93,51.91,14.74,43.53,4.40,56.62,5:09.52,6999193,og_2012
,Roman Šebrle,CZE,DNF,Mark,11.54,DNS,DNS,DNS,DNS,,,,,,6999193,og_2012
,Mihail Dudaš,SRB,DNF,Mark,10.90,7.53,13.76,1.96,DNS,DNS,DNS,DNS,,,6999193,og_2012
,Kurt Felix,GRN,DNF,Mark,11.12,7.63,13.28,2.05,50.17,DNS,DNS,DNS,,,6999193,og_2012
,Jan Felix Knobel,GER,DNF,Mark,11.42,7.05,15.29,1.90,49.87,15.03,46.10,4.40,DNS,,6999193,og_2012
,Daniel Awde,GBR,DNF,Mark,10.71,6.83,DNS,DNS,DNS,,,,,,6999193,og_2012
1,Ashton Eaton,USA,8893 OR,Mark,10.46,7.94,14.73,2.01,46.07,13.80,45.49,5.20,59.77,4:23.33,7093747,og_2016
2,Kevin Mayer,FRA,8834 NR,Mark,10.81,7.60,15.76,2.04,48.28,14.02,46.78,5.40,65.04,4:25.49,7093747,og_2016
3,Damian Warner,CAN,8666 SB,Mark,10.30,7.67,13.66,2.04,47.35,13.58,44.93,4.70,63.19,4:24.90,7093747,og_2016
4,Kai Kazmirek,GER,8580 PB,Mark,10.78,7.69,14.20,2.10,46.75,14.62,43.25,5.00,64.60,4:31.25,7093747,og_2016
5,Larbi Bourrada,ALG,8521 AR,Mark,10.75,7.52,13.78,2.10,47.98,14.15,42.39,4.60,66.49,4:14.60,7093747,og_2016
6,Leonel Suárez,CUB,8460 SB,Mark,11.21,7.14,14.27,2.07,48.15,14.48,47.07,4.90,72.32,4:28.32,7093747,og_2016
7,Zachery Ziemek,USA,8392,Mark,10.71,7.49,13.44,2.10,49.83,14.77,49.42,5.20,60.92,4:42.97,7093747,og_2016
8,Thomas van der Plaetsen,BEL,8332 PB,Mark,11.24,7.66,12.84,2.16,49.63,15.01,43.58,5.40,62.09,4:34.21,7093747,og_2016
9,Kurt Felix,GRN,8323 PB,Mark,10.93,7.42,14.77,2.07,49.14,14.79,45.10,4.50,69.92,4:30.53,7093747,og_2016
10,Luiz Alberto de Araújo,BRA,8315 PB,Mark,10.77,7.48,15.26,1.92,48.14,14.17,45.10,4.90,57.28,4:31.46,7093747,og_2016
11,Jeremy Taiwo,USA,8300,Mark,11.01,7.45,14.92,2.19,48.78,14.57,39.91,5.00,51.29,4:21.96,7093747,og_2016
12,Adam Sebastian Helcelet,CZE,8291 PB,Mark,11.06,7.35,15.11,2.04,49.51,14.37,44.13,4.70,68.20,4:34.41,7093747,og_2016
13,Bastien Auzeil,FRA,8064,Mark,11.17,7.07,15.41,1.98,49.34,14.82,42.23,5.10,61.91,4:40.50,7093747,og_2016
14,Cedric Dubler,AUS,8024,Mark,10.86,7.47,11.49,2.13,48.18,14.30,38.89,4.90,51.82,4:32.12,7093747,og_2016
15,Arthur Abele,GER,8013,Mark,10.87,6.97,15.03,1.98,49.02,14.12,44.66,4.50,64.13,4:53.07,7093747,og_2016
16,Lindon Victor,GRN,7998,Mark,10.83,7.11,14.80,1.98,49.80,15.74,53.24,4.40,63.54,4:44.73,7093747,og_2016
17,Pau Tonnesen,ESP,7982,Mark,11.32,7.33,13.69,2.01,50.81,14.99,46.31,5.20,60.15,4:46.27,7093747,og_2016
18,Yordani García,CUB,7961,Mark,10.81,6.83,14.58,2.01,48.69,14.25,40.34,4.50,64.70,4:44.99,7093747,og_2016
19,Dominik Distelberger,AUT,7954,Mark,10.84,7.33,13.40,1.89,48.61,14.39,38.09,4.80,61.83,4:33.47,7093747,og_2016
20,Keisuke Ushiro,JPN,7952,Mark,11.30,6.83,14.14,1.98,50.43,15.09,49.90,4.90,66.63,4:46.33,7093747,og_2016
21,Paweł Wiesiołek,POL,7784,Mark,10.88,6.73,14.17,2.01,50.18,15.09,48.32,4.50,56.68,4:42.27,7093747,og_2016
22,Akihiko Nakamura,JPN,7612,Mark,11.04,7.13,12.00,1.92,48.93,14.57,34.91,4.70,51.24,4:18.37,7093747,og_2016
23,Karl-Robert Saluri,EST,7223,Mark,10.82,7.02,13.88,1.77,50.32,16.51,42.96,4.50,46.42,4:39.40,7093747,og_2016
24,Maicel Uibo,EST,7170,Mark,11.16,7.14,NM,2.13,51.08,14.84,37.69,5.10,60.52,4:47.49,7093747,og_2016
25,Jirí Sýkora,CZE,6237,Mark,11.15,7.00,13.45,1.98,49.88,15.02,44.49,NM,56.99,DNF,7093747,og_2016
,Willem Coertzen,RSA,DNF,Mark,11.12,6.98,14.00,DNS,DNS,,,,,,7093747,og_2016
,Leonid Andreev,UZB,DNF,Mark,11.29,6.60,14.86,DNS,DNS,,,,,,7093747,og_2016
,Rico Freimuth,GER,DNF,Mark,10.73,7.17,13.27,DNS,DNS,,,,,,7093747,og_2016
,Mihail Dudaš,SRB,DNF,Mark,10.83,7.29,14.23,2.04,49.13,14.65,43.27,4.60,DNS,,7093747,og_2016
,Oleksiy Kasyanov,UKR,DNF,Mark,10.78,7.54,14.50,2.01,48.56,14.34,NM,DNS,,,7093747,og_2016
,Eelco Sintnicolaas,NED,DNF,Mark,10.87,DNS,DNS,DNS,DNS,,,,,,7093747,og_2016
,Pieter Braun,NED,DNF,Mark,11.03,7.55,13.90,1.95,DNS,,,,,,7093747,og_2016
1,Damian WARNER,CAN,9018 OR,Mark,10.12,8.24,14.80,2.02,47.48,13.46,48.67,4.90,63.44,4:31.08,7132391,og_2021
2,Kevin MAYER,FRA,8726 SB,Mark,10.68,7.50,15.07,2.08,50.31,13.90,48.08,5.20,73.09,4:43.17,7132391,og_2021
3,Ashley MOLONEY,AUS,8649 AR,Mark,10.34,7.64,14.49,2.11,46.29,14.08,44.38,5.00,57.12,4:39.19,7132391,og_2021
4,Garrett SCANTLING,USA,8611,Mark,10.67,7.30,15.59,1.99,48.25,14.03,45.46,5.10,69.10,4:35.54,7132391,og_2021
5,Pierce LEPAGE,CAN,8604 PB,Mark,10.43,7.65,15.31,1.99,46.92,14.39,47.14,5.00,57.24,4:31.85,7132391,og_2021
6,Zachery ZIEMEK,USA,8435,Mark,10.55,7.20,14.99,2.05,49.06,14.51,44.87,5.30,60.44,4:38.38,7132391,og_2021
7,Lindon VICTOR,GRN,8414 SB,Mark,10.67,7.24,15.39,2.02,49.21,14.83,49.75,4.90,71.56,4:54.32,7132391,og_2021
8,Ilya SHKURENYOV,ANA,8413 SB,Mark,10.93,7.59,14.95,1.99,48.98,14.43,47.02,5.10,60.95,4:34.62,7132391,og_2021
9,Jorge ﻿UREÑA,ESP,8322 PB,Mark,10.66,7.30,13.97,2.05,48.00,14.13,43.70,4.90,55.82,4:27.82,7132391,og_2021
10,Steven BASTIEN,USA,8236,Mark,10.69,7.39,14.40,2.05,47.64,14.42,40.77,4.60,58.21,4:26.95,7132391,og_2021
11,Johannes ERM,EST,8213 SB,Mark,11.04,7.36,14.60,1.99,48.25,14.55,45.72,4.80,58.41,4:28.42,7132391,og_2021
12,Paweł WIESIOŁEK,POL,8176,Mark,10.83,7.27,14.90,2.02,48.24,14.95,48.27,4.80,51.60,4:30.02,7132391,og_2021
13,Vitaliy ZHUK,BLR,8131,Mark,11.04,6.93,16.23,1.96,49.22,14.95,47.01,5.10,59.49,4:42.57,7132391,og_2021
14,Kai KAZMIREK,GER,8126,Mark,11.09,7.48,14.46,2.02,48.17,14.73,42.70,4.80,63.76,4:48.30,7132391,og_2021
15,Maicel UIBO,EST,8037,Mark,11.32,7.37,13.95,2.02,50.82,14.83,46.38,5.50,50.64,4:38.64,7132391,og_2021
16,Adam Sebastian HELCELET,CZE,8004,Mark,11.06,7.16,14.99,1.96,49.41,14.35,45.40,4.60,61.54,4:44.74,7132391,og_2021
17,Jiří SÝKORA,CZE,7943,Mark,11.18,7.03,14.63,1.90,48.89,14.48,49.90,4.60,63.73,4:54.97,7132391,og_2021
18,Felipe DOS SANTOS,BRA,7880,Mark,10.58,7.38,14.13,2.02,49.31,14.58,39.91,4.60,54.56,4:52.40,7132391,og_2021
19,Martin ROE,NOR,7863,Mark,10.86,7.03,13.98,1.96,50.93,15.47,48.37,4.80,62.28,4:47.58,7132391,og_2021
20,Karel TILGA,EST,7018,Mark,11.31,6.77,15.25,2.02,50.48,16.10,41.31,NM,73.36,4:38.24,7132391,og_2021
21,Cedric DUBLER,AUS,7008,Mark,10.89,7.36,13.35,2.05,49.02,15.10,43.31,NM,58.52,5:03.69,7132391,og_2021
,Niklas KAUL,GER,DNF,Mark,11.22,7.36,14.55,2.11,DNF,DNS,DNS,DNS,,,7132391,og_2021
,Thomas VAN DER PLAETSEN,BEL,DNF,Mark,11.05,NM,DNS,DNS,DNS,,,,,,7132391,og_2021
1,Markus ROOTH,NOR,8796 NR,Mark,10.71,7.80,15.25,1.99,47.69,14.25,49.80,5.30,66.87,4:39.56,7153115,og_2024
2,Leo NEUGEBAUER,GER,8748,Mark,10.67,7.98,16.55,2.05,47.70,14.51,53.33,5.00,56.64,4:44.67,7153115,og_2024
3,Lindon VICTOR,GRN,8711 SB,Mark,10.56,7.48,15.71,2.02,47.84,14.62,53.91,4.90,68.22,4:43.53,7153115,og_2024
4,Sven ROOSEN,NED,8607 NR,Mark,10.52,7.56,15.10,1.87,46.40,13.99,46.88,4.70,63.72,4:18.55,7153115,og_2024
5,Janek ÕIGLANE,EST,8572 PB,Mark,10.89,7.25,14.58,1.99,48.02,14.45,43.39,5.30,71.89,4:25.59,7153115,og_2024
6,Johannes ERM,EST,8569,Mark,10.64,7.66,14.61,2.08,47.19,14.35,46.29,4.60,59.58,4:19.71,7153115,og_2024
7,Harrison WILLIAMS,USA,8538 SB,Mark,10.62,7.42,15.66,1.96,46.71,14.28,46.91,5.10,51.17,4:19.58,7153115,og_2024
8,Niklas KAUL,GER,8445,Mark,11.34,7.09,14.24,2.02,49.13,14.53,46.28,4.80,77.78,4:15.00,7153115,og_2024
9,Ayden OWENS-DELERME,PUR,8437,Mark,10.35,7.66,15.17,2.02,46.17,14.09,43.36,4.80,51.17,4:40.39,7153115,og_2024
10,Heath BALDWIN,USA,8422,Mark,10.91,7.38,14.48,2.17,49.04,14.04,43.66,4.70,67.59,4:40.67,7153115,og_2024
11,Karel TILGA,EST,8377 SB,Mark,11.01,7.16,15.88,1.99,48.67,14.66,50.13,4.70,64.16,4:26.41,7153115,og_2024
12,Makenson GLETTY,FRA,8309,Mark,10.72,7.10,16.64,1.99,47.48,13.96,46.03,4.70,53.02,4:35.58,7153115,og_2024
13,Ken MULLINGS,BAH,8226 NR,Mark,10.60,7.36,14.19,2.02,49.43,13.70,46.07,4.80,59.83,4:55.84,7153115,og_2024
14,Jose Fernando FERREIRA SANTANA,BRA,8213 PB,Mark,10.66,7.24,13.97,1.93,48.78,14.00,42.86,4.80,70.58,4:49.73,7153115,og_2024
15,Till STEINFORTH,GER,8170,Mark,10.52,7.61,13.96,1.96,47.96,14.37,42.59,4.70,59.14,4:45.43,7153115,og_2024
16,Rik TAAM,NED,8046 SB,Mark,10.64,7.27,14.27,1.93,47.73,14.78,39.31,4.70,57.08,4:24.82,7153115,og_2024
17,Zachery ZIEMEK,USA,7983,Mark,10.60,6.86,15.03,1.96,50.79,15.11,50.08,5.00,57.05,4:53.17,7153115,og_2024
18,Sander SKOTHEIM,NOR,7757,Mark,10.78,8.03,14.31,2.11,47.02,14.15,45.77,NM,59.79,4:37.49,7153115,og_2024
19,Daniel GOLUBOVIC,AUS,7566,Mark,11.32,6.60,13.89,1.93,50.37,15.15,44.65,4.60,59.33,4:39.02,7153115,og_2024
20,Jorge UREÑA,ESP,7096,Mark,10.87,7.05,13.77,1.96,48.08,14.29,40.92,NM,57.93,4:42.18,7153115,og_2024
,Damian WARNER,CAN,DNF,Mark,10.25,7.79,14.45,2.02,47.34,13.62,48.68,NM,DNS,,7153115,og_2024
,Ashley MOLONEY,AUS,DNF,Mark,10.56,7.05,13.40,DNS,DNS,,,,,,7153115,og_2024
