,pos,athlete,country,points,data_type,100,lj,sp,hj,400,110h,dt,pv,jt,1500,event_id,event_name,1500_sec,100_speed,110h_speed,400_speed,1500_speed
0,1.0,Tomáš Dvořák,CZE,8902 CR,Mark,10.62,8.07,16.57,2.0,47.74,13.8,45.51,5.0,68.53,4:35.13,6947294.0,wa_2001,275.13,9.416195856873824,7.971014492753623,8.37871805613741,5.451968160505943
1,2.0,Erki Nool,EST,8815 NR,Mark,10.6,7.63,14.9,2.03,46.23,14.4,43.4,5.4,67.01,4:29.58,6947294.0,wa_2001,269.58,9.433962264150944,7.638888888888888,8.652390222799049,5.564210994880926
2,3.0,Dean Macey,GBR,8603 PB,Mark,10.72,7.59,15.41,2.15,46.21,14.34,46.96,4.7,54.61,4:29.05,6947294.0,wa_2001,269.05,9.328358208955223,7.670850767085077,8.656135035706557,5.5751719011336185
3,4.0,Attila Zsivoczky-Pandel,HUN,8371 SB,Mark,10.97,6.99,14.65,2.18,48.86,15.19,47.23,4.9,62.43,4:23.23,6947294.0,wa_2001,263.23,9.115770282588878,7.241606319947334,8.186655751125665,5.698438627815978
4,5.0,Lev Lobodin,RUS,8352,Mark,10.74,7.15,16.16,2.03,48.78,14.42,44.95,5.1,54.68,4:31.77,6947294.0,wa_2001,271.77,9.31098696461825,7.6282940360610265,8.200082000820007,5.519372999227288
5,6.0,Jiří Ryba,CZE,8332 SB,Mark,11.14,7.17,13.76,2.09,48.76,14.33,47.4,5.1,56.04,4:20.66,6947294.0,wa_2001,260.66,8.976660682226212,7.676203768318214,8.203445447087777,5.7546228803805715
6,7.0,Stefan Schmid,GER,8307 SB,Mark,10.87,7.43,13.55,1.97,47.86,14.57,43.16,5.1,65.13,4:33.98,6947294.0,wa_2001,273.98,9.199632014719413,7.549759780370624,8.357709987463435,5.474852178991167
7,8.0,Laurent Hernu,FRA,8280 PB,Mark,10.97,7.31,14.43,2.03,49.31,14.01,43.93,5.1,59.9,4:37.41,6947294.0,wa_2001,277.40999999999997,9.115770282588878,7.851534618129907,8.111944838775097,5.407159078620094
8,9.0,Oleksandr Yurkov,UKR,8264,Mark,10.93,7.37,15.15,1.97,49.45,14.41,48.1,5.0,58.63,4:38.43,6947294.0,wa_2001,278.43,9.149130832570906,7.633587786259542,8.088978766430738,5.3873505010235965
9,10.0,Roman Šebrle,CZE,8174,Mark,10.91,7.67,15.43,2.0,48.18,16.97,47.41,4.6,65.75,4:31.04,6947294.0,wa_2001,271.04,9.165902841429881,6.48202710665881,8.302200083022,5.534238488783943
10,11.0,Michael Nolan,CAN,8169 PB,Mark,11.29,6.98,15.17,1.97,49.86,14.86,50.3,4.9,64.57,4:31.44,6947294.0,wa_2001,271.44,8.857395925597874,7.402422611036339,8.022462896109106,5.526083112290009
11,12.0,Mário Aníbal,POR,8155,Mark,10.84,7.11,15.35,2.0,48.46,14.45,44.22,5.0,53.23,4:36.64,6947294.0,wa_2001,276.64,9.22509225092251,7.612456747404845,8.254230293025175,5.422209369577791
12,13.0,Zsolt Kürtösi,HUN,8097,Mark,11.03,7.17,15.34,2.06,48.68,14.5,45.2,4.7,58.87,4:49.61,6947294.0,wa_2001,289.61,9.066183136899365,7.586206896551724,8.216926869350862,5.179379165084078
13,14.0,Benjamin Jensen,NOR,8090 SB,Mark,10.79,7.08,14.47,1.88,48.27,14.22,39.89,5.3,56.51,4:36.45,6947294.0,wa_2001,276.45,9.267840593141798,7.7355836849507735,8.286720530350113,5.425935973955507
14,15.0,Phil McMullen,USA,8079,Mark,11.39,6.94,15.12,1.97,49.08,15.09,48.85,5.1,53.5,4:20.84,6947294.0,wa_2001,260.84,8.779631255487269,7.289595758780649,8.14995925020375,5.750651740530594
15,16.0,Chiel Warners,NED,7916,Mark,10.9,7.48,14.47,1.94,48.28,14.36,44.93,4.3,55.89,4:48.33,6947294.0,wa_2001,288.33,9.174311926605505,7.660167130919221,8.285004142502071,5.202372281760483
16,17.0,Kip Janvrin,USA,7905,Mark,11.17,6.72,13.45,1.88,48.26,14.77,43.39,5.0,57.96,4:19.26,6947294.0,wa_2001,259.26,8.952551477170994,7.447528774542993,8.288437629506838,5.785697755149271
42,1.0,Bryan Clay,USA,8732 WL,Mark,10.43,7.54,16.25,2.0,47.78,14.43,53.68,4.9,72.0,5:03.77,6937596.0,wa_2005,303.77,9.587727708533079,7.623007623007624,8.371703641691084,4.9379464726602365
43,2.0,Roman Šebrle,CZE,8521,Mark,10.91,7.86,16.29,2.06,48.62,14.71,46.85,4.8,63.21,4:39.54,6937596.0,wa_2005,279.54,9.165902841429881,7.477906186267845,8.227067050596462,5.365958360163125
44,3.0,Attila Zsivoczky-Pandel,HUN,8385,Mark,10.9,7.03,15.72,2.15,49.29,15.15,49.58,4.8,63.02,4:32.17,6937596.0,wa_2005,272.17,9.174311926605505,7.260726072607261,8.115236356258876,5.511261344012933
45,4.0,André Niklaus,GER,8316 PB,Mark,11.04,7.2,14.24,2.03,49.42,14.78,46.13,5.3,61.74,4:28.93,6937596.0,wa_2005,268.93,9.057971014492754,7.442489851150203,8.093889113719142,5.577659614025954
46,5.0,Aleksandr Pogorelov,RUS,8246,Mark,10.86,7.49,15.9,2.09,50.58,14.45,46.68,5.0,59.79,5:03.62,6937596.0,wa_2005,303.62,9.208103130755065,7.612456747404845,7.908264136022144,4.940386008826823
47,6.0,Kristjan Rahnu,EST,8223,Mark,10.59,7.36,15.79,2.03,48.58,14.87,47.13,4.7,61.65,4:59.73,6937596.0,wa_2005,299.73,9.442870632672333,7.397444519166107,8.233841086867024,5.004504053648283
48,7.0,Romain Barras,FRA,8087,Mark,11.15,7.35,14.62,1.94,48.63,14.65,44.24,4.8,60.39,4:31.94,6937596.0,wa_2005,271.94,8.968609865470851,7.508532423208191,8.225375282747274,5.51592262999191
49,8.0,Tomáš Dvořák,CZE,8068,Mark,10.94,7.31,15.95,2.0,50.34,14.81,45.69,4.2,64.89,4:34.24,6937596.0,wa_2005,274.24,9.140767824497258,7.4274139095205935,7.945967421533571,5.4696616102683775
50,9.0,Jaakko Ojaniemi,FIN,8042 SB,Mark,10.67,7.57,14.95,1.91,50.29,15.04,42.41,4.5,66.27,4:38.18,6937596.0,wa_2005,278.18,9.372071227741332,7.3138297872340425,7.953867568104991,5.392192105830757
51,10.0,Aleksey Drozdov,RUS,8038,Mark,11.07,7.24,15.43,2.06,51.11,15.67,50.13,4.5,63.67,4:38.96,6937596.0,wa_2005,278.96,9.033423667570009,7.019783024888322,7.82625709254549,5.377114998566103
52,11.0,Hamdi Dhouibi,TUN,8023 AR,Mark,10.67,7.43,12.85,1.94,47.04,14.56,41.17,4.8,52.83,4:31.24,6937596.0,wa_2005,271.24,9.372071227741332,7.554945054945055,8.503401360544219,5.530157793835717
53,12.0,Mikk Pahapill,EST,8003,Mark,11.06,7.27,15.36,2.06,51.44,15.37,45.81,4.8,63.53,4:48.26,6937596.0,wa_2005,288.26,9.041591320072332,7.156798959011061,7.776049766718508,5.203635606743912
54,13.0,Paul Terek,USA,7921,Mark,10.83,7.16,14.31,1.97,48.85,15.83,44.65,5.0,54.46,4:36.59,6937596.0,wa_2005,276.59000000000003,9.233610341643583,6.948831332912192,8.18833162743091,5.4231895585523695
55,14.0,Frédéric Xhonneux,BEL,7616,Mark,11.28,7.21,12.92,2.03,49.04,15.75,38.62,4.7,50.18,4:22.71,6937596.0,wa_2005,262.71,8.865248226950355,6.984126984126984,8.156606851549755,5.709717939933768
56,15.0,Roland Schwarzl,AUT,7549,Mark,11.06,7.1,13.73,1.82,50.81,14.9,45.56,4.9,50.67,4:51.25,6937596.0,wa_2005,291.25,9.041591320072332,7.382550335570469,7.872466049990159,5.150214592274678
57,16.0,Óscar González,ESP,7526,Mark,11.07,7.2,13.63,2.0,49.71,14.96,37.03,4.6,45.54,4:35.25,6937596.0,wa_2005,275.25,9.033423667570009,7.352941176470588,8.046670690002012,5.449591280653951
68,1.0,Roman Šebrle,CZE,8676,Mark,11.04,7.56,15.92,2.12,48.8,14.33,48.75,4.8,71.18,4:35.32,6903480.0,wa_2007,275.32,9.057971014492754,7.676203768318214,8.196721311475411,5.448205724248147
69,2.0,Maurice Smith,JAM,8644 NR,Mark,10.62,7.5,17.32,1.97,47.48,13.91,52.36,4.8,53.61,4:33.52,6903480.0,wa_2007,273.52,9.416195856873824,7.907979870596693,8.424599831508004,5.4840596665691725
70,3.0,Dmitriy Karpov,KAZ,8586 SB,Mark,10.7,7.19,16.08,2.06,47.44,14.03,48.95,5.0,59.84,4:39.68,6903480.0,wa_2007,279.68,9.345794392523365,7.840342124019958,8.431703204047217,5.363272311212815
71,4.0,Aleksey Drozdov,RUS,8475 PB,Mark,10.97,7.25,16.49,2.12,50.0,14.76,48.62,5.0,63.51,4:36.93,6903480.0,wa_2007,276.93,9.115770282588878,7.452574525745257,8.0,5.416531253385332
72,5.0,André Niklaus,GER,8371 PB,Mark,11.12,7.42,14.12,2.06,49.4,14.51,44.48,5.3,63.28,4:32.50,6903480.0,wa_2007,272.5,8.992805755395684,7.580978635423846,8.097165991902834,5.504587155963303
73,6.0,Alexey Sysoev,RUS,8357 PB,Mark,10.8,7.01,16.16,2.03,48.42,14.59,49.76,4.9,57.75,4:36.16,6903480.0,wa_2007,276.15999999999997,9.25925925925926,7.539410555174777,8.261049153242462,5.431633835457706
74,7.0,Romain Barras,FRA,8262,Mark,11.36,7.13,15.03,2.0,49.32,14.36,44.51,5.0,65.74,4:25.75,6903480.0,wa_2007,265.75,8.802816901408452,7.660167130919221,8.110300081103,5.644402634054563
75,8.0,Yordani García,CUB,8257 NR,Mark,10.73,7.15,14.94,2.09,49.25,14.08,42.91,4.7,68.74,4:55.42,6903480.0,wa_2007,295.42,9.319664492078285,7.8125,8.121827411167512,5.077516755805294
76,9.0,Arthur Abele,GER,8243,Mark,10.87,7.17,13.58,2.0,48.58,13.92,41.28,4.7,65.24,4:21.69,6903480.0,wa_2007,261.69,9.199632014719413,7.902298850574713,8.233841086867024,5.7319729450876995
77,10.0,Paul Terek,USA,8120,Mark,10.95,7.26,14.81,2.0,49.34,15.1,44.81,5.2,55.96,4:37.38,6903480.0,wa_2007,277.38,9.132420091324201,7.28476821192053,8.107012565869477,5.407743889249406
78,11.0,Hans van Alphen,BEL,8034,Mark,11.11,7.35,14.67,1.88,48.52,14.77,44.3,4.3,65.71,4:22.50,6903480.0,wa_2007,262.5,9.000900090009,7.447528774542993,8.244023083264633,5.714285714285714
79,12.0,Attila Zsivoczky-Pandel,HUN,8017 SB,Mark,11.44,7.0,15.13,2.09,50.58,14.82,46.8,4.8,59.63,4:35.55,6903480.0,wa_2007,275.55,8.741258741258742,7.422402159244264,7.908264136022144,5.443658138268916
80,13.0,Jake Arnold,USA,8004,Mark,11.14,6.86,14.73,2.06,49.02,14.72,43.7,5.1,56.01,4:43.58,6903480.0,wa_2007,283.58,8.976660682226212,7.4728260869565215,8.159934720522235,5.289512659566966
81,14.0,Aliaksandr Parkhomenka,BLR,7984,Mark,11.29,6.92,15.98,1.94,51.16,14.93,44.86,4.7,69.14,4:34.63,6903480.0,wa_2007,274.63,8.857395925597874,7.367716008037508,7.8186082877247856,5.461894184903325
82,15.0,François Gourmet,BEL,7974 PB,Mark,10.67,7.15,13.74,1.85,47.98,15.02,39.87,5.0,57.73,4:25.51,6903480.0,wa_2007,265.51,9.372071227741332,7.323568575233023,8.336807002917883,5.649504726752288
83,16.0,Andres Raja,EST,7794,Mark,10.92,7.42,14.26,1.85,48.89,14.51,37.07,4.7,60.34,4:45.83,6903480.0,wa_2007,285.83,9.157509157509157,7.580978635423846,8.181632235631008,5.247874610782634
84,17.0,Agustín Félix,ESP,7749,Mark,11.17,7.12,13.29,2.03,52.08,14.75,43.67,5.0,56.69,4:48.27,6903480.0,wa_2007,288.27,8.952551477170994,7.4576271186440675,7.680491551459293,5.203455094182537
85,18.0,Alberto Juantorena,CUB,7657,Mark,11.13,7.43,13.54,2.09,50.37,14.97,41.69,4.2,56.28,4:50.69,6903480.0,wa_2007,290.69,8.98472596585804,7.348029392117568,7.9412348620210444,5.160136227596409
86,19.0,Hiromasa Tanaka,JPN,7629,Mark,11.05,6.78,11.92,1.88,48.59,15.53,41.65,5.1,59.59,4:40.04,6903480.0,wa_2007,280.04,9.049773755656108,7.083065035415325,8.232146532208272,5.356377660334237
87,20.0,Josef Karas,CZE,7625,Mark,11.12,7.44,13.23,1.94,50.6,15.17,45.58,4.4,49.28,4:31.21,6903480.0,wa_2007,271.21,8.992805755395684,7.251153592617007,7.905138339920948,5.530769514398437
88,21.0,Kun-woo Kim,KOR,7531 SB,Mark,11.29,7.12,12.83,1.91,48.99,14.89,36.23,4.8,44.79,4:16.16,6903480.0,wa_2007,256.16,8.857395925597874,7.387508394895903,8.164931618697693,5.855715178013741
90,23.0,Hans Olav Uldal,NOR,6698,Mark,11.21,6.93,13.65,1.82,50.7,27.24,45.31,4.5,61.63,4:44.91,6903480.0,wa_2007,284.90999999999997,8.920606601248885,4.038179148311307,7.889546351084812,5.264820469621987
98,1.0,Trey Hardee,USA,8790,Mark,10.45,7.83,15.33,1.99,48.13,13.86,48.08,5.2,68.0,4:48.91,6998524.0,wa_2009,288.90999999999997,9.569377990430622,7.936507936507937,8.310824849366298,5.191928282163996
99,2.0,Leonel Suárez,CUB,8640,Mark,11.13,7.24,15.2,2.11,48.0,14.45,44.71,5.0,75.19,4:27.25,6998524.0,wa_2009,267.25,8.98472596585804,7.612456747404845,8.333333333333334,5.612722170252573
100,3.0,Oleksiy Kasyanov,UKR,8479,Mark,10.63,7.8,15.72,2.05,47.85,14.44,46.7,4.8,49.0,4:24.52,6998524.0,wa_2009,264.52,9.40733772342427,7.617728531855956,8.359456635318704,5.670648722213822
101,4.0,Alexey Sysoev,RUS,8454,Mark,10.85,6.87,16.17,2.02,49.32,14.97,53.03,5.1,64.55,4:34.97,6998524.0,wa_2009,274.97,9.216589861751153,7.348029392117568,8.110300081103,5.455140560788449
102,5.0,Pascal Behrenbruch,GER,8439,Mark,10.92,7.09,15.77,2.02,48.72,14.24,48.06,4.8,69.72,4:39.45,6998524.0,wa_2009,279.45,9.157509157509157,7.724719101123595,8.210180623973727,5.367686527106817
103,6.0,Nicklas Wiberg,SWE,8406,Mark,10.96,7.25,14.99,2.05,48.73,14.75,42.28,4.5,75.02,4:17.05,6998524.0,wa_2009,257.05,9.124087591240874,7.4576271186440675,8.208495793145907,5.83544057576347
104,7.0,Yordani García,CUB,8387,Mark,10.6,7.05,15.15,2.08,48.34,14.08,44.4,4.7,69.37,4:49.45,6998524.0,wa_2009,289.45,9.433962264150944,7.8125,8.274720728175424,5.182242183451374
105,8.0,Yunior Díaz,CUB,8357,Mark,10.66,7.72,14.54,2.02,46.15,14.56,43.52,4.6,60.09,4:40.58,6998524.0,wa_2009,280.58,9.380863039399625,7.554945054945055,8.66738894907909,5.346068857366883
106,9.0,Andrei Krauchanka,BLR,8281,Mark,11.18,7.62,13.96,2.11,48.77,14.13,42.24,4.9,60.71,4:37.77,6998524.0,wa_2009,277.77,8.94454382826476,7.78485491861288,8.201763379126511,5.400151204233719
107,10.0,Roman Šebrle,CZE,8266,Mark,11.16,7.8,14.98,2.11,50.42,14.44,46.3,4.6,65.61,4:50.33,6998524.0,wa_2009,290.33,8.960573476702509,7.617728531855956,7.933359777865926,5.166534633003823
108,11.0,Romain Barras,FRA,8204,Mark,11.14,7.04,14.78,1.99,49.66,14.27,45.62,5.0,61.24,4:27.04,6998524.0,wa_2009,267.04,8.976660682226212,7.708479327259986,8.054772452678213,5.617136009586578
109,12.0,Larbi Bourrada,ALG,8171,Mark,10.68,7.35,12.3,2.05,48.58,14.57,37.83,4.7,62.53,4:12.15,6998524.0,wa_2009,252.15,9.363295880149813,7.549759780370624,8.233841086867024,5.94883997620464
110,13.0,Willem Coertzen,RSA,8146,Mark,10.89,7.32,13.16,2.02,48.63,14.26,42.4,4.6,65.46,4:32.57,6998524.0,wa_2009,272.57,9.182736455463727,7.713884992987377,8.225375282747274,5.50317349671644
111,14.0,Andres Raja,EST,8119,Mark,10.82,7.38,14.55,1.99,49.0,14.22,42.75,4.8,57.73,4:40.73,6998524.0,wa_2009,280.73,9.242144177449168,7.7355836849507735,8.16326530612245,5.343212339258362
112,15.0,Norman Müller,GER,8096,Mark,11.01,7.35,14.93,1.99,48.2,14.59,41.21,4.8,57.4,4:33.02,6998524.0,wa_2009,273.02,9.082652134423252,7.539410555174777,8.29875518672199,5.494102996117501
113,16.0,Vasiliy Kharlamov,RUS,8065,Mark,11.22,7.38,14.95,1.93,49.44,14.83,46.24,5.0,59.93,4:41.54,6998524.0,wa_2009,281.54,8.9126559714795,7.4173971679029,8.090614886731393,5.327839738580663
114,17.0,Ashton Eaton,USA,8061,Mark,10.53,7.85,12.26,2.02,47.75,14.28,37.15,5.0,50.87,4:45.03,6998524.0,wa_2009,285.03,9.49667616334283,7.703081232492997,8.37696335078534,5.262603936427745
115,18.0,Eugene Martineau,NED,8055,Mark,11.18,7.41,12.66,1.99,50.26,14.91,44.94,4.8,70.14,4:35.27,6998524.0,wa_2009,275.27,8.94454382826476,7.377598926894701,7.958615200955034,5.449195335488793
116,19.0,Ingmar Vos,NED,8009,Mark,10.9,7.21,13.78,2.02,49.99,14.51,42.39,4.4,64.27,4:28.51,6998524.0,wa_2009,268.51,9.174311926605505,7.580978635423846,8.001600320064012,5.586384119772076
117,20.0,Dmitriy Karpov,KAZ,7952,Mark,11.02,6.86,15.27,2.05,49.45,14.46,48.93,4.8,51.38,4:53.61,6998524.0,wa_2009,293.61,9.074410163339383,7.607192254495159,8.088978766430738,5.108817819556554
118,21.0,Nadir El Fassi,FRA,7922,Mark,11.12,7.26,13.62,1.99,51.35,14.9,42.25,4.8,57.65,4:16.51,6998524.0,wa_2009,256.51,8.992805755395684,7.382550335570469,7.789678675754625,5.84772523488363
119,22.0,Brent Newdick,NZL,7915,Mark,11.11,7.42,14.35,1.99,50.1,14.82,43.6,4.8,51.52,4:30.57,6998524.0,wa_2009,270.57,9.000900090009,7.422402159244264,7.984031936127744,5.54385186827808
120,23.0,Jake Arnold,USA,7837,Mark,11.01,6.73,13.97,1.96,49.07,14.4,43.23,4.7,57.37,4:35.93,6998524.0,wa_2009,275.93,9.082652134423252,7.638888888888888,8.151620134501732,5.436161345268728
121,24.0,Daniel Almgren,SWE,7803,Mark,10.92,7.29,13.43,1.99,47.68,15.14,34.33,4.3,56.69,4:13.47,6998524.0,wa_2009,253.47,9.157509157509157,7.265521796565389,8.389261744966444,5.917860101787194
122,25.0,Daisuke Ikeda,JPN,7788,Mark,11.16,7.09,13.43,1.87,49.28,14.9,39.72,4.6,63.73,4:22.39,6998524.0,wa_2009,262.39,8.960573476702509,7.382550335570469,8.116883116883116,5.7166812759632615
123,26.0,Moritz Cleve,GER,7777,Mark,11.06,7.27,14.12,1.87,49.17,14.54,39.62,4.6,54.26,4:25.96,6998524.0,wa_2009,265.96,9.041591320072332,7.565337001375516,8.135041692088672,5.639945856519778
124,27.0,Yevhen Nikitin,UKR,7710,Mark,11.04,6.92,14.69,1.93,49.5,14.87,42.71,4.6,54.73,4:40.12,6998524.0,wa_2009,280.12,9.057971014492754,7.397444519166107,8.080808080808081,5.354847922319006
125,28.0,Mateo Sossah,FRA,7682,Mark,11.57,7.04,11.97,2.05,49.6,14.83,41.25,4.4,59.67,4:20.40,6998524.0,wa_2009,260.4,8.64304235090752,7.4173971679029,8.064516129032258,5.760368663594471
126,29.0,Simon Walter,SUI,7649,Mark,11.05,7.21,12.8,1.93,49.67,14.83,42.48,5.0,54.91,5:01.12,6998524.0,wa_2009,301.12,9.049773755656108,7.4173971679029,8.05315079524864,4.981402763018066
127,30.0,Attila Szabó,HUN,7610,Mark,11.15,7.09,13.92,1.84,49.79,14.65,43.75,4.4,59.56,4:45.64,6998524.0,wa_2009,285.64,8.968609865470851,7.508532423208191,8.033741715203856,5.2513653549922985
128,31.0,Agustín Félix,ESP,7539,Mark,11.32,7.19,13.23,2.08,52.41,14.8,42.81,4.9,50.1,5:00.50,6998524.0,wa_2009,300.5,8.8339222614841,7.4324324324324325,7.63213127265789,4.9916805324459235
129,32.0,Mikk-Mihkel Arro,EST,7528,Mark,11.11,6.94,14.42,1.9,51.28,14.82,41.83,4.5,56.21,4:44.14,6998524.0,wa_2009,284.14,9.000900090009,7.422402159244264,7.800312012480499,5.279087773632717
130,33.0,Atis Vaisjuns,LAT,7507,Mark,11.27,6.94,14.07,1.99,49.88,15.27,42.02,4.4,57.5,4:52.08,6998524.0,wa_2009,292.08,8.873114463176575,7.203667321545514,8.019246190858059,5.135579293344289
136,1.0,Trey Hardee,USA,8607,Mark,10.55,7.45,15.09,2.02,48.37,13.97,49.89,4.8,68.99,4:45.68,7003367.0,wa_2011,285.68,9.47867298578199,7.874015748031495,8.26958858796775,5.250630075609073
137,2.0,Ashton Eaton,USA,8505,Mark,10.46,7.46,14.44,2.02,46.99,13.85,46.17,4.6,55.17,4:18.94,7003367.0,wa_2011,258.94,9.56022944550669,7.9422382671480145,8.512449457331346,5.792847763960763
138,3.0,Leonel Suárez,CUB,8501 SB,Mark,11.07,7.33,14.54,2.05,49.17,14.29,46.25,5.0,69.12,4:24.16,7003367.0,wa_2011,264.16,9.033423667570009,7.697690692792163,8.135041692088672,5.678376741368867
139,4.0,Aleksey Drozdov,RUS,8313,Mark,11.34,7.45,16.17,2.14,51.35,15.49,50.29,5.0,64.8,4:41.73,7003367.0,wa_2011,281.73,8.818342151675486,7.101355713363461,7.789678675754625,5.324246619103397
140,5.0,Eelco Sintnicolaas,NED,8298,Mark,10.76,7.29,14.13,1.93,48.35,14.42,42.23,5.2,61.07,4:25.40,7003367.0,wa_2011,265.4,9.29368029739777,7.6282940360610265,8.273009307135471,5.651846269781462
141,6.0,Mihail Dudaš,SRB,8256 NR,Mark,10.81,7.41,13.76,2.02,47.73,14.89,43.97,4.9,58.93,4:26.06,7003367.0,wa_2011,266.06,9.250693802035153,7.387508394895903,8.380473496752566,5.637826054273472
142,7.0,Pascal Behrenbruch,GER,8211,Mark,11.08,6.8,16.01,1.93,49.9,14.33,48.56,4.9,66.5,4:36.64,7003367.0,wa_2011,276.64,9.025270758122744,7.676203768318214,8.016032064128257,5.422209369577791
143,8.0,Jan Felix Knobel,GER,8200,Mark,11.18,7.3,16.06,1.96,49.46,14.92,47.93,4.7,68.42,4:43.12,7003367.0,wa_2011,283.12,8.94454382826476,7.372654155495979,8.087343307723414,5.298106809833286
144,9.0,Mikk Pahapill,EST,8164,Mark,11.28,7.12,14.76,2.02,50.65,14.54,47.16,4.9,66.4,4:35.41,7003367.0,wa_2011,275.40999999999997,8.865248226950355,7.565337001375516,7.897334649555775,5.446425329508733
145,10.0,Larbi Bourrada,ALG,8158,Mark,10.88,7.42,13.11,1.96,47.34,14.56,37.84,4.9,59.0,4:14.97,7003367.0,wa_2011,254.97,9.191176470588236,7.554945054945055,8.449514152936205,5.8830450641251915
146,11.0,Romain Barras,FRA,8134 SB,Mark,11.2,7.06,14.92,1.99,49.5,14.37,41.65,5.0,63.25,4:29.19,7003367.0,wa_2011,269.19,8.928571428571429,7.654836464857342,8.080808080808081,5.572272372673576
147,12.0,Oleksiy Kasyanov,UKR,8132,Mark,10.75,7.59,14.43,1.99,48.46,14.65,43.74,4.7,52.16,4:29.35,7003367.0,wa_2011,269.35,9.30232558139535,7.508532423208191,8.254230293025175,5.5689623166883235
148,13.0,Thomas van der Plaetsen,BEL,8069,Mark,11.2,7.79,12.76,2.17,49.46,14.79,37.2,5.1,58.91,4:45.86,7003367.0,wa_2011,285.86,8.928571428571429,7.437457741717377,8.087343307723414,5.247323864828937
149,14.0,Roman Šebrle,CZE,8069,Mark,11.25,7.3,15.2,2.05,51.18,14.75,46.93,4.8,67.28,4:56.50,7003367.0,wa_2011,296.5,8.88888888888889,7.4576271186440675,7.815552950371239,5.059021922428331
150,15.0,Andres Raja,EST,7982,Mark,10.85,7.21,14.61,1.99,49.47,14.04,43.39,4.7,57.35,4:52.28,7003367.0,wa_2011,292.28,9.216589861751153,7.834757834757835,8.085708510208207,5.132065143013549
151,16.0,Luiz Alberto de Araújo,BRA,7902,Mark,10.71,6.74,14.77,1.9,48.48,14.25,46.46,4.7,54.38,4:47.29,7003367.0,wa_2011,287.29,9.337068160597571,7.719298245614035,8.250825082508252,5.221205054126492
152,17.0,Kun-woo Kim,KOR,7860 NR,Mark,11.11,7.24,12.96,1.96,49.24,14.95,39.53,4.9,53.33,4:15.63,7003367.0,wa_2011,255.63,9.000900090009,7.357859531772576,8.123476848090982,5.867855885459453
153,18.0,Damian Warner,CAN,7832,Mark,10.56,7.35,13.26,2.02,50.12,14.19,41.71,4.5,54.61,4:54.37,7003367.0,wa_2011,294.37,9.469696969696969,7.7519379844961245,7.980845969672786,5.095627951217855
154,19.0,Brent Newdick,NZL,7761,Mark,11.0,7.31,13.75,1.96,49.95,14.86,45.65,4.5,55.69,4:47.30,7003367.0,wa_2011,287.3,9.090909090909092,7.402422611036339,8.008008008008007,5.221023320570832
155,20.0,Keisuke Ushiro,JPN,7639,Mark,11.42,6.96,12.88,2.02,50.89,15.2,43.84,4.4,67.73,4:43.87,7003367.0,wa_2011,283.87,8.756567425569177,7.236842105263158,7.860090391039497,5.284108923098602
156,21.0,Dmitriy Karpov,KAZ,7550,Mark,11.24,6.86,15.69,1.93,52.01,14.64,47.1,4.8,46.91,4:58.41,7003367.0,wa_2011,298.40999999999997,8.896797153024911,7.5136612021857925,7.690828686791002,5.026641198351262
166,1.0,Ashton Eaton,USA,8809 WL,Mark,10.35,7.73,14.39,1.93,46.02,13.72,45.0,5.2,64.83,4:29.80,7003368.0,wa_2013,269.8,9.66183574879227,8.017492711370261,8.69187309865276,5.559673832468495
167,2.0,Michael Schrader,GER,8670 PB,Mark,10.73,7.85,14.56,1.99,47.66,14.29,46.44,5.0,65.67,4:25.38,7003368.0,wa_2013,265.38,9.319664492078285,7.697690692792163,8.392782207301721,5.652272213429799
168,3.0,Damian Warner,CAN,8512 PB,Mark,10.43,7.39,14.23,2.05,48.41,13.96,44.13,4.8,64.67,4:29.97,7003368.0,wa_2013,269.97,9.587727708533079,7.8796561604584525,8.262755629002273,5.5561729081008995
169,4.0,Kevin Mayer,FRA,8446 PB,Mark,11.23,7.5,13.76,2.05,49.53,14.21,45.37,5.2,66.09,4:25.04,7003368.0,wa_2013,265.04,8.904719501335707,7.741027445460943,8.075913587724612,5.6595230908542105
170,5.0,Eelco Sintnicolaas,NED,8391 SB,Mark,10.85,7.65,14.08,2.02,48.25,14.18,39.21,5.3,56.75,4:24.64,7003368.0,wa_2013,264.64,9.216589861751153,7.757404795486601,8.290155440414507,5.66807738814994
171,6.0,Carlos Chinin,BRA,8388,Mark,10.78,7.54,14.49,1.96,48.8,14.05,45.84,5.1,59.98,4:36.01,7003368.0,wa_2013,276.01,9.27643784786642,7.829181494661921,8.196721311475411,5.434585703416543
172,7.0,Rico Freimuth,GER,8382 PB,Mark,10.6,7.22,14.8,1.99,48.05,13.9,48.74,4.9,56.21,4:37.83,7003368.0,wa_2013,277.83,9.433962264150944,7.913669064748201,8.324661810613945,5.398984990821726
173,8.0,Ilya Shkurenyov,RUS,8370 PB,Mark,10.97,7.35,13.88,2.05,48.39,14.34,44.06,5.4,59.46,4:36.95,7003368.0,wa_2013,276.95,9.115770282588878,7.670850767085077,8.266170696424881,5.416140097490522
174,9.0,Willem Coertzen,RSA,8343 AR,Mark,10.95,7.44,13.88,2.05,48.32,14.3,43.25,4.5,69.35,4:24.60,7003368.0,wa_2013,264.6,9.132420091324201,7.692307692307692,8.278145695364238,5.668934240362812
175,10.0,Leonel Suárez,CUB,8317 SB,Mark,11.07,7.33,14.2,1.9,48.21,14.62,46.41,4.9,68.61,4:23.87,7003368.0,wa_2013,263.87,9.033423667570009,7.523939808481533,8.297033810412778,5.684617425247281
176,11.0,Pascal Behrenbruch,GER,8316,Mark,10.95,7.19,15.86,1.99,48.4,14.46,45.66,4.7,67.07,4:37.21,7003368.0,wa_2013,277.21,9.132420091324201,7.607192254495159,8.264462809917356,5.411060207063238
177,12.0,Andrei Krauchanka,BLR,8314,Mark,11.19,7.39,14.84,2.11,49.65,14.44,46.12,5.1,59.98,4:39.63,7003368.0,wa_2013,279.63,8.936550491510278,7.617728531855956,8.056394763343404,5.3642313056539
178,13.0,Gunnar Nixon,USA,8312 PB,Mark,10.84,7.8,14.68,2.14,48.56,14.57,42.38,4.6,57.97,4:35.82,7003368.0,wa_2013,275.82,9.22509225092251,7.549759780370624,8.237232289950576,5.438329345225147
179,14.0,Mihail Dudaš,SRB,8275 NR,Mark,10.67,7.51,13.45,1.96,47.73,14.59,44.06,4.9,59.06,4:26.62,7003368.0,wa_2013,266.62,9.372071227741332,7.539410555174777,8.380473496752566,5.625984547295777
180,15.0,Thomas van der Plaetsen,BEL,8255 PB,Mark,11.09,7.64,13.57,2.05,49.0,14.66,41.17,5.1,65.31,4:37.93,7003368.0,wa_2013,277.93,9.017132551848512,7.503410641200546,8.16326530612245,5.397042420753427
181,16.0,Artem Lukyanenko,RUS,8177 PB,Mark,11.11,7.09,14.43,1.99,49.01,14.21,44.06,5.0,61.83,4:32.97,7003368.0,wa_2013,272.97,9.000900090009,7.741027445460943,8.161599673536013,5.495109352676118
182,17.0,Mikk Pahapill,EST,8170 SB,Mark,11.33,7.12,14.87,1.99,49.84,14.54,47.57,5.0,62.89,4:33.16,7003368.0,wa_2013,273.15999999999997,8.8261253309797,7.565337001375516,8.025682182985554,5.491287157709768
183,18.0,Eduard Mikhan,BLR,7968,Mark,10.97,7.42,14.15,1.96,48.8,14.82,48.0,4.6,50.74,4:33.71,7003368.0,wa_2013,273.71,9.115770282588878,7.422402159244264,8.196721311475411,5.480252822330204
184,19.0,Maicel Uibo,EST,7850,Mark,11.21,7.26,13.68,2.11,50.6,15.29,41.84,4.9,59.63,4:48.29,7003368.0,wa_2013,288.29,8.920606601248885,7.194244604316547,7.905138339920948,5.2030941066287415
185,20.0,Sergey Sviridov,RUS,7843,Mark,10.98,7.3,14.2,1.9,51.13,15.23,45.26,4.5,69.38,4:46.43,7003368.0,wa_2013,286.43,9.107468123861565,7.222586999343401,7.8231957754742805,5.236881611563034
186,21.0,Pelle Rietveld,NED,7840 SB,Mark,11.15,6.68,13.21,1.9,48.67,14.37,38.06,5.1,64.38,4:35.94,7003368.0,wa_2013,275.94,8.968609865470851,7.654836464857342,8.218615163344976,5.435964340073929
187,22.0,Keisuke Ushiro,JPN,7751,Mark,11.44,6.84,13.17,1.96,51.2,15.32,45.31,4.9,67.65,4:38.91,7003368.0,wa_2013,278.90999999999997,8.741258741258742,7.180156657963447,7.8125,5.378078950198989
188,23.0,Brent Newdick,NZL,7744 SB,Mark,11.14,7.28,13.84,2.02,50.25,15.19,42.49,4.5,57.3,4:38.54,7003368.0,wa_2013,278.54,8.976660682226212,7.241606319947334,7.960199004975125,5.385222948230056
189,24.0,Marcus Nilsson,SWE,7540,Mark,11.42,6.62,14.81,1.87,50.56,15.04,42.49,4.5,54.86,4:20.11,7003368.0,wa_2013,260.11,8.756567425569177,7.3138297872340425,7.911392405063291,5.766790973049863
200,1.0,Ashton Eaton,USA,9045 WR,Mark,10.23,7.88,14.52,2.01,45.0,13.69,43.34,5.2,63.63,4:17.52,7078726.0,wa_2015,257.52,9.775171065493646,8.035062089116144,8.88888888888889,5.824790307548929
201,2.0,Damian Warner,CAN,8695 NR,Mark,10.31,7.65,14.44,2.04,47.3,13.63,44.99,4.8,63.5,4:31.51,7078726.0,wa_2015,271.51,9.699321047526672,8.070432868672047,8.456659619450317,5.524658391956097
202,3.0,Rico Freimuth,GER,8561 PB,Mark,10.51,7.51,15.5,1.95,47.82,13.91,50.17,4.8,60.61,4:37.05,7078726.0,wa_2015,277.05,9.514747859181732,7.907979870596693,8.36470096194061,5.414185165132647
203,4.0,Ilya Shkurenyov,RUS,8538 PB,Mark,11.01,7.5,14.09,2.1,47.88,14.27,44.53,5.2,60.99,4:24.98,7078726.0,wa_2015,264.98,9.082652134423252,7.708479327259986,8.35421888053467,5.660804589025586
204,5.0,Larbi Bourrada,ALG,8461 AR,Mark,10.83,7.51,13.73,2.07,47.6,14.26,41.53,4.8,63.82,4:16.61,7078726.0,wa_2015,256.61,9.233610341643583,7.713884992987377,8.403361344537815,5.845446397256537
205,6.0,Kai Kazmirek,GER,8448,Mark,10.9,7.4,14.27,2.1,46.83,14.39,40.08,5.2,62.55,4:35.61,7078726.0,wa_2015,275.61,9.174311926605505,7.644197359277276,8.541533205210335,5.4424730597583535
206,7.0,Michael Schrader,GER,8418,Mark,10.78,7.71,14.32,1.95,47.12,14.19,44.58,4.6,62.09,4:22.30,7078726.0,wa_2015,262.3,9.27643784786642,7.7519379844961245,8.488964346349746,5.71864277544796
207,8.0,Kurt Felix,GRN,8302 NR,Mark,11.02,7.66,15.02,2.1,49.89,14.58,45.95,4.5,63.41,4:32.57,7078726.0,wa_2015,272.57,9.074410163339383,7.544581618655693,8.017638805371817,5.50317349671644
208,9.0,Oleksiy Kasyanov,UKR,8262 SB,Mark,10.73,7.58,14.25,2.01,48.13,13.96,45.84,4.8,49.35,4:31.80,7078726.0,wa_2015,271.8,9.319664492078285,7.8796561604584525,8.310824849366298,5.518763796909492
209,10.0,Maicel Uibo,EST,8245,Mark,11.25,7.13,14.45,2.13,50.24,15.01,43.69,5.1,64.51,4:25.53,7078726.0,wa_2015,265.53,8.88888888888889,7.328447701532312,7.961783439490445,5.6490792000903856
210,11.0,Adam Sebastian Helcelet,CZE,8234 SB,Mark,11.09,7.29,15.3,2.04,49.66,14.2,42.9,4.9,63.07,4:37.65,7078726.0,wa_2015,277.65,9.017132551848512,7.746478873239437,8.054772452678213,5.4024851431658565
211,12.0,Pieter Braun,NED,8114,Mark,11.11,7.29,13.9,2.04,48.24,14.37,42.09,4.9,56.95,4:32.46,7078726.0,wa_2015,272.46,9.000900090009,7.654836464857342,8.291873963515755,5.505395287381634
212,13.0,Bastien Auzeil,FRA,8093,Mark,11.22,7.26,15.38,2.01,48.66,14.71,42.63,5.1,55.14,4:37.92,7078726.0,wa_2015,277.92,8.9126559714795,7.477906186267845,8.220304151253597,5.3972366148531945
213,14.0,Thomas van der Plaetsen,BEL,8035 SB,Mark,11.44,7.42,13.83,2.13,50.28,14.76,43.01,5.3,55.23,4:47.38,7078726.0,wa_2015,287.38,8.741258741258742,7.452574525745257,7.955449482895784,5.219569907439627
214,15.0,Zachery Ziemek,USA,8006,Mark,10.81,7.57,13.38,2.04,49.89,15.29,44.19,5.2,56.5,4:56.66,7078726.0,wa_2015,296.65999999999997,9.250693802035153,7.194244604316547,8.017638805371817,5.056293399851683
215,16.0,Akihiko Nakamura,JPN,7745,Mark,10.86,7.26,11.67,1.95,47.81,14.72,33.48,4.7,53.57,4:16.36,7078726.0,wa_2015,256.36,9.208103130755065,7.4728260869565215,8.36645053336122,5.851146824777656
216,17.0,Paweł Wiesiołek,POL,7705,Mark,11.07,7.08,13.5,1.98,48.55,14.82,41.55,4.5,54.08,4:39.31,7078726.0,wa_2015,279.31,9.033423667570009,7.422402159244264,8.2389289392379,5.3703770004654325
217,18.0,Pau Tonnesen,ESP,7606,Mark,11.26,7.21,13.74,2.04,50.24,15.12,45.28,4.8,60.42,5:33.73,7078726.0,wa_2015,333.73,8.880994671403197,7.275132275132275,7.961783439490445,4.494651364875797
218,19.0,Janek Õiglane,EST,7581,Mark,11.51,6.78,14.43,1.92,50.95,15.33,40.94,4.6,68.51,4:43.06,7078726.0,wa_2015,283.06,8.688097306689835,7.1754729288975865,7.850834151128557,5.299229845262489
219,20.0,Keisuke Ushiro,JPN,7532,Mark,11.51,6.73,14.93,1.89,50.85,15.43,46.85,4.7,56.52,4:43.51,7078726.0,wa_2015,283.51,8.688097306689835,7.128969539857421,7.866273352999016,5.290818666008254
229,1.0,Kevin Mayer,FRA,8768 WL,Mark,10.7,7.52,15.72,2.08,48.26,13.75,47.14,5.1,66.1,4:36.73,7093740.0,wa_2017,276.73,9.345794392523365,8.0,8.288437629506838,5.420445922017851
230,2.0,Rico Freimuth,GER,8564,Mark,10.53,7.48,14.85,1.99,48.41,13.68,51.17,4.8,62.34,4:41.57,7093740.0,wa_2017,281.57,9.49667616334283,8.04093567251462,8.262755629002273,5.3272720815427785
231,3.0,Kai Kazmirek,GER,8488 SB,Mark,10.91,7.64,13.78,2.11,47.19,14.66,45.06,5.1,62.45,4:38.07,7093740.0,wa_2017,278.07,9.165902841429881,7.503410641200546,8.47637211273575,5.394325169921243
232,4.0,Janek Õiglane,EST,8371 PB,Mark,11.08,7.33,15.13,2.05,49.58,14.56,42.11,5.1,71.73,4:39.24,7093740.0,wa_2017,279.24,9.025270758122744,7.554945054945055,8.067769261799112,5.3717232488182205
233,5.0,Damian Warner,CAN,8309,Mark,10.5,7.44,13.45,2.02,47.47,13.63,40.67,4.7,56.63,4:28.39,7093740.0,wa_2017,268.39,9.523809523809524,8.070432868672047,8.426374552348852,5.588881851037669
234,6.0,Oleksiy Kasyanov,UKR,8234,Mark,10.77,7.28,14.99,2.02,48.64,14.05,48.79,4.7,50.82,4:33.86,7093740.0,wa_2017,273.86,9.285051067780874,7.829181494661921,8.223684210526315,5.477251150222742
235,7.0,Kurt Felix,GRN,8227,Mark,11.08,7.46,15.01,2.08,49.09,14.68,45.39,4.5,64.64,4:36.62,7093740.0,wa_2017,276.62,9.025270758122744,7.493188010899183,8.148299042574862,5.4226014026462295
236,8.0,Adam Sebastian Helcelet,CZE,8222,Mark,11.28,7.03,14.57,2.02,49.51,14.38,44.71,4.9,71.56,4:36.85,7093740.0,wa_2017,276.85,8.865248226950355,7.649513212795549,8.079175924055747,5.418096442116669
237,9.0,Jorge Ureña,ESP,8125 PB,Mark,11.0,7.3,13.91,2.08,48.72,14.15,36.33,5.0,56.06,4:26.46,7093740.0,wa_2017,266.46,9.090909090909092,7.773851590106007,8.210180623973727,5.629362756136006
238,10.0,Devon Williams,USA,8088,Mark,10.93,7.44,14.43,1.96,48.11,14.27,44.29,4.6,57.93,4:40.50,7093740.0,wa_2017,280.5,9.149130832570906,7.708479327259986,8.314279775514446,5.347593582887701
239,11.0,Ashley Bryant,GBR,8049,Mark,11.14,7.44,14.09,1.96,49.24,14.75,43.95,4.3,67.97,4:27.15,7093740.0,wa_2017,267.15,8.976660682226212,7.4576271186440675,8.123476848090982,5.614823133071309
240,12.0,Martin Roe,NOR,8040,Mark,10.9,7.5,15.22,1.93,49.09,15.15,48.24,4.5,58.3,4:39.24,7093740.0,wa_2017,279.24,9.174311926605505,7.260726072607261,8.148299042574862,5.3717232488182205
241,13.0,Karl-Robert Saluri,EST,8025 SB,Mark,10.55,7.49,13.98,1.84,47.76,15.36,40.43,5.0,57.12,4:31.31,7093740.0,wa_2017,271.31,9.47867298578199,7.161458333333334,8.375209380234507,5.528730971950905
242,14.0,Pau Tonnesen,ESP,8006,Mark,11.26,7.21,13.76,2.08,50.85,14.57,43.07,5.4,55.13,4:46.31,7093740.0,wa_2017,286.31,8.880994671403197,7.549759780370624,7.866273352999016,5.239076525444449
243,15.0,Bastien Auzeil,FRA,7922 SB,Mark,11.35,6.87,15.23,1.96,50.36,14.59,46.86,4.8,60.8,4:39.80,7093740.0,wa_2017,279.8,8.81057268722467,7.539410555174777,7.942811755361398,5.36097212294496
244,16.0,Pieter Braun,NED,7890,Mark,11.22,7.17,14.48,1.93,48.54,14.67,42.59,4.7,59.26,4:38.40,7093740.0,wa_2017,278.4,8.9126559714795,7.498295841854124,8.240626287597857,5.387931034482759
245,17.0,Dominik Distelberger,AUT,7857,Mark,11.03,7.11,12.93,1.87,48.13,14.59,43.18,5.0,56.46,4:39.15,7093740.0,wa_2017,279.15,9.066183136899365,7.539410555174777,8.310824849366298,5.373455131649651
246,18.0,Cedric Dubler,AUS,7728,Mark,11.06,7.29,11.36,2.08,48.31,14.92,40.85,4.9,52.1,4:50.31,7093740.0,wa_2017,290.31,9.041591320072332,7.372654155495979,8.27985924239288,5.166890565257828
247,19.0,Akihiko Nakamura,JPN,7646,Mark,11.06,7.28,11.37,1.96,48.98,14.43,33.65,4.7,54.22,4:22.62,7093740.0,wa_2017,262.62,9.041591320072332,7.623007623007624,8.166598611678237,5.711674663011195
248,20.0,Keisuke Ushiro,JPN,7498,Mark,11.53,6.64,13.43,1.96,51.43,15.35,47.64,4.6,63.28,4:51.90,7093740.0,wa_2017,291.9,8.673026886383349,7.166123778501629,7.777561734396267,5.138746145940391
264,1.0,Niklas Kaul,GER,8691 PB,Mark,11.27,7.19,15.1,2.02,48.48,14.64,49.2,5.0,79.05,4:15.70,7125365.0,wa_2019,255.7,8.873114463176575,7.5136612021857925,8.250825082508252,5.866249511145874
265,2.0,Maicel Uibo,EST,8604 PB,Mark,11.1,7.46,15.12,2.17,50.44,14.43,46.64,5.4,63.83,4:31.51,7125365.0,wa_2019,271.51,9.00900900900901,7.623007623007624,7.930214115781126,5.524658391956097
266,3.0,Damian Warner,CAN,8529,Mark,10.35,7.67,15.17,2.02,48.12,13.56,42.19,4.7,62.87,4:40.77,7125365.0,wa_2019,280.77,9.66183574879227,8.112094395280236,8.31255195344971,5.342451116572284
267,4.0,Ilya Shkurenyov,ANA,8494 SB,Mark,11.02,7.61,14.71,2.11,49.36,14.28,48.75,5.2,59.56,4:41.95,7125365.0,wa_2019,281.95,9.074410163339383,7.703081232492997,8.103727714748784,5.320092214931726
268,5.0,Pierce LePage,CAN,8445,Mark,10.36,7.79,13.21,2.05,47.35,14.19,41.19,5.2,57.42,4:45.09,7125365.0,wa_2019,285.09000000000003,9.652509652509654,7.7519379844961245,8.447729672650475,5.261496369567505
269,6.0,Janek Õiglane,EST,8297 SB,Mark,10.94,7.32,15.2,1.96,49.14,15.13,43.37,5.0,72.46,4:36.24,7125365.0,wa_2019,276.24,9.140767824497258,7.270323859881031,8.14000814000814,5.430060816681147
270,7.0,Pieter Braun,NED,8222,Mark,11.16,7.47,15.26,2.02,48.79,14.59,45.59,4.8,59.84,4:35.62,7125365.0,wa_2019,275.62,8.960573476702509,7.539410555174777,8.19840131174421,5.4422755968362235
271,8.0,Solomon Simmons,USA,8151,Mark,10.7,7.37,15.33,1.96,49.31,14.1,46.26,4.8,53.25,4:44.17,7125365.0,wa_2019,284.17,9.345794392523365,7.801418439716312,8.111944838775097,5.278530457120738
272,9.0,Thomas van der Plaetsen,BEL,8125,Mark,11.38,7.2,13.78,2.08,50.89,14.8,46.17,5.3,63.67,4:43.95,7125365.0,wa_2019,283.95,8.787346221441124,7.4324324324324325,7.860090391039497,5.282620179609086
273,10.0,Tim Nowak,GER,8122,Mark,11.12,7.07,14.69,2.02,49.6,14.6,45.02,4.9,56.76,4:22.18,7125365.0,wa_2019,262.18,8.992805755395684,7.534246575342466,8.064516129032258,5.721260202914029
274,11.0,Cedric Dubler,AUS,8101,Mark,10.75,7.25,12.43,2.02,48.41,14.13,44.3,4.7,59.04,4:34.75,7125365.0,wa_2019,274.75,9.30232558139535,7.78485491861288,8.262755629002273,5.45950864422202
275,12.0,Paweł Wiesiołek,POL,8064,Mark,10.76,7.02,15.26,1.96,49.37,14.65,47.2,4.9,55.0,4:42.06,7125365.0,wa_2019,282.06,9.29368029739777,7.508532423208191,8.10208628721896,5.318017443097213
276,13.0,Vitaliy Zhuk,BLR,8058,Mark,10.95,6.63,15.13,1.96,48.08,14.49,46.64,4.8,58.66,4:35.45,7125365.0,wa_2019,275.45,9.132420091324201,7.59144237405107,8.319467554076539,5.445634416409512
277,14.0,Harrison Williams,USA,7892,Mark,10.76,7.14,13.78,1.93,47.93,14.43,44.23,4.8,48.59,4:40.96,7125365.0,wa_2019,280.96,9.29368029739777,7.623007623007624,8.345503859795535,5.338838268792711
278,15.0,Fredrik Samuelsson,SWE,7860,Mark,11.13,7.11,13.97,2.02,50.08,14.78,42.71,4.8,57.39,4:39.48,7125365.0,wa_2019,279.48,8.98472596585804,7.442489851150203,7.987220447284345,5.36711034778875
279,16.0,Keisuke Ushiro,JPN,7545,Mark,11.44,6.9,14.31,1.9,51.42,15.26,48.41,4.5,61.36,4:52.12,7125365.0,wa_2019,292.12,8.741258741258742,7.208387942332896,7.779074290159471,5.134876078323976
288,1.0,Kevin MAYER,FRA,8816 SB,Mark,10.62,7.54,14.98,2.05,49.4,13.92,49.44,5.4,70.31,4:41.44,7137279.0,wa_2022,281.44,9.416195856873824,7.902298850574713,8.097165991902834,5.329732802728823
289,2.0,Pierce LEPAGE,CAN,8701 PB,Mark,10.39,7.54,14.83,1.99,46.84,13.78,53.26,5.0,57.52,4:42.77,7137279.0,wa_2022,282.77,9.624639076034649,7.982583454281568,8.539709649871904,5.3046645683771265
290,3.0,Zachery ZIEMEK,USA,8676 PB,Mark,10.57,7.7,15.37,2.08,49.56,14.47,48.4,5.4,62.18,4:44.97,7137279.0,wa_2022,284.97,9.460737937559129,7.601935038009675,8.071025020177562,5.263711969681019
291,4.0,Ayden OWENS-DELERME,PUR,8532 NR,Mark,10.52,7.64,14.97,2.02,45.07,13.88,42.36,4.5,50.98,4:13.02,7137279.0,wa_2022,253.02,9.505703422053232,7.925072046109509,8.875083203905037,5.9283851078966086
292,5.0,Lindon VICTOR,GRN,8474 SB,Mark,10.78,7.26,16.29,2.02,49.27,14.76,53.92,4.8,66.2,4:47.22,7137279.0,wa_2022,287.22,9.27643784786642,7.452574525745257,8.11853054597118,5.222477543346563
293,6.0,Niklas KAUL,GER,8434 SB,Mark,11.22,7.09,14.52,2.05,48.39,14.27,44.62,4.8,69.74,4:13.81,7137279.0,wa_2022,253.81,8.9126559714795,7.708479327259986,8.266170696424881,5.909932626768055
294,7.0,Maicel UIBO,EST,8425 SB,Mark,11.14,7.32,15.17,2.11,50.38,14.49,46.52,5.3,63.54,4:37.58,7137279.0,wa_2022,277.58,8.976660682226212,7.59144237405107,7.939658594680428,5.403847539448087
295,8.0,Cedric DUBLER,AUS,8246,Mark,10.93,7.56,12.87,2.08,47.71,14.28,42.88,5.1,54.76,4:37.26,7137279.0,wa_2022,277.26,9.149130832570906,7.703081232492997,8.383986585621463,5.410084397316599
296,9.0,Johannes ERM,EST,8227,Mark,10.94,7.37,15.01,1.93,47.02,14.38,44.18,4.7,56.87,4:25.08,7137279.0,wa_2022,265.08,9.140767824497258,7.649513212795549,8.507018290089324,5.658669081032142
297,10.0,Leo NEUGEBAUER,GER,8182,Mark,11.07,7.46,15.83,1.99,48.34,14.86,51.88,4.8,52.8,4:48.41,7137279.0,wa_2022,288.40999999999997,9.033423667570009,7.402422611036339,8.274720728175424,5.200929232689575
298,11.0,Kyle GARLAND,USA,8133,Mark,10.69,7.41,15.24,2.14,49.64,14.18,45.44,4.6,53.23,4:58.94,7137279.0,wa_2022,298.94,9.354536950420954,7.757404795486601,8.058017727639001,5.017729310229478
299,12.0,Kai KAZMIREK,GER,8113 SB,Mark,11.19,7.49,14.29,2.02,49.33,14.43,40.96,5.0,62.52,4:43.51,7137279.0,wa_2022,283.51,8.936550491510278,7.623007623007624,8.108655990269613,5.290818666008254
300,13.0,Jiří SÝKORA,CZE,8107 SB,Mark,11.11,7.14,14.89,1.93,49.29,14.14,54.39,4.6,61.49,4:55.90,7137279.0,wa_2022,295.9,9.000900090009,7.779349363507779,8.115236356258876,5.069280162216965
301,14.0,Daniel GOLUBOVIC,AUS,8071 SB,Mark,10.99,6.96,15.0,1.96,49.44,13.92,46.37,4.6,56.75,4:29.67,7137279.0,wa_2022,269.67,9.099181073703367,7.902298850574713,8.090614886731393,5.562353988207809
302,15.0,Sander SKOTHEIM,NOR,8062,Mark,10.88,7.55,13.69,2.17,49.8,15.05,42.89,4.7,55.47,4:40.84,7137279.0,wa_2022,280.84000000000003,9.191176470588236,7.308970099667774,8.032128514056225,5.341119498646916
303,16.0,Steven BASTIEN,USA,7939,Mark,10.93,7.41,13.36,2.02,47.95,14.75,40.66,4.7,55.8,4:40.92,7137279.0,wa_2022,280.92,9.149130832570906,7.4576271186440675,8.342022940563085,5.339598462195642
304,17.0,Ken MULLINGS,BAH,7866 NR,Mark,10.83,6.96,13.83,2.05,49.25,14.02,42.7,4.5,56.92,4:52.85,7137279.0,wa_2022,292.85,9.233610341643583,7.845934379457917,8.121827411167512,5.122076148198736
311,1.0,Pierce LEPAGE,CAN,8909 WL,Mark,10.45,7.59,15.81,2.08,47.21,13.77,50.98,5.2,60.9,4:39.88,7138987.0,wa_2023,279.88,9.569377990430622,7.988380537400145,8.472781190425756,5.359439759897099
312,2.0,Damian WARNER,CAN,8804 SB,Mark,10.32,7.77,15.03,2.05,47.86,13.67,45.82,4.9,63.09,4:27.73,7138987.0,wa_2023,267.73,9.689922480620154,8.046817849305048,8.357709987463435,5.602659395659806
313,3.0,Lindon VICTOR,GRN,8756 NR,Mark,10.6,7.55,15.94,2.02,48.05,14.47,54.97,4.8,68.05,4:39.67,7138987.0,wa_2023,279.67,9.433962264150944,7.601935038009675,8.324661810613945,5.36346408266886
314,4.0,Karel TILGA,EST,8681 PB,Mark,10.84,7.58,15.75,2.05,48.58,14.68,50.57,4.8,66.42,4:20.73,7138987.0,wa_2023,260.73,9.22509225092251,7.493188010899183,8.233841086867024,5.7530778966747205
315,5.0,Leo NEUGEBAUER,GER,8645,Mark,10.69,8.0,17.04,2.02,47.99,14.75,47.63,5.1,57.95,4:43.93,7138987.0,wa_2023,283.93,9.354536950420954,7.4576271186440675,8.335069806209626,5.282992286831261
316,6.0,Janek ÕIGLANE,EST,8524 PB,Mark,10.94,7.47,15.08,2.02,48.41,14.51,40.85,5.1,70.45,4:23.43,7138987.0,wa_2023,263.43,9.140767824497258,7.580978635423846,8.262755629002273,5.694112287894317
317,7.0,Harrison WILLIAMS,USA,8500,Mark,10.74,7.49,15.28,1.93,46.52,14.33,43.39,5.3,54.6,4:22.69,7138987.0,wa_2023,262.69,9.31098696461825,7.676203768318214,8.598452278589853,5.710152651414215
318,8.0,Markus ROOTH,NOR,8491,Mark,10.84,7.62,13.22,2.02,48.27,14.47,48.78,5.1,64.84,4:34.11,7138987.0,wa_2023,274.11,9.22509225092251,7.601935038009675,8.286720530350113,5.472255663784612
319,9.0,Johannes ERM,EST,8484 PB,Mark,10.69,7.72,15.38,1.93,47.05,14.9,45.09,4.9,60.56,4:22.19,7138987.0,wa_2023,262.19,9.354536950420954,7.382550335570469,8.501594048884167,5.7210419924482245
320,10.0,Sander SKOTHEIM,NOR,8263,Mark,10.89,7.8,13.35,2.11,48.48,14.96,39.07,4.8,59.05,4:19.64,7138987.0,wa_2023,259.64,9.182736455463727,7.352941176470588,8.250825082508252,5.777230010784163
321,11.0,Manuel EITEL,GER,8191,Mark,10.44,7.14,14.85,1.99,48.47,14.39,41.3,4.7,60.12,4:33.70,7138987.0,wa_2023,273.7,9.578544061302683,7.644197359277276,8.252527336496803,5.480453050785532
322,12.0,Daniel GOLUBOVIC,AUS,8141,Mark,11.1,7.09,15.14,1.93,49.87,14.18,48.47,4.8,58.95,4:29.51,7138987.0,wa_2023,269.51,9.00900900900901,7.757404795486601,8.020854220974535,5.565656190864903
323,13.0,Rik TAAM,NED,8098,Mark,10.64,7.11,14.89,1.84,47.12,14.8,43.04,4.7,57.96,4:22.70,7138987.0,wa_2023,262.7,9.398496240601503,7.4324324324324325,8.488964346349746,5.709935287400076
324,14.0,José Fernando FERREIRA,BRA,7935,Mark,10.77,6.92,12.9,1.93,49.31,13.94,42.6,4.8,69.19,5:00.91,7138987.0,wa_2023,300.91,9.285051067780874,7.890961262553803,8.111944838775097,4.984879199760726
325,15.0,Yuma MARUYAMA,JPN,7844 PB,Mark,10.9,7.0,13.4,1.96,50.75,14.18,41.56,4.6,60.14,4:32.01,7138987.0,wa_2023,272.01,9.174311926605505,7.757404795486601,7.8817733990147785,5.514503143266792
335,1.0,Leo NEUGEBAUER,GER,8804 SB,Mark,10.8,7.62,16.7,1.99,48.27,14.8,56.15,5.1,64.34,4:31.89,7190593.0,wa_2025,271.89,9.25925925925926,7.4324324324324325,8.286720530350113,5.516936996579499
336,2.0,Ayden OWENS-DELERME,PUR,8784 NR,Mark,10.31,7.32,15.55,1.96,46.46,13.65,46.12,5.1,58.79,4:17.91,7190593.0,wa_2025,257.91,9.699321047526672,8.058608058608058,8.609556607834696,5.815982319413749
337,3.0,Kyle GARLAND,USA,8703,Mark,10.51,7.92,17.02,2.11,48.73,14.3,48.06,4.8,59.78,4:45.45,7190593.0,wa_2025,285.45,9.514747859181732,7.692307692307692,8.208495793145907,5.254860746190226
338,4.0,Niklas KAUL,GER,8538,Mark,11.34,7.21,14.58,2.05,48.13,14.45,47.29,4.7,78.19,4:20.76,7190593.0,wa_2025,260.76,8.818342151675486,7.612456747404845,8.310824849366298,5.752416014726185
339,5.0,Johannes ERM,EST,8431 SB,Mark,10.78,7.63,15.18,1.96,47.51,14.52,45.21,5.1,56.32,4:29.15,7190593.0,wa_2025,269.15,9.27643784786642,7.575757575757576,8.419280151547044,5.573100501579046
340,6.0,Heath BALDWIN,USA,8337,Mark,11.01,7.26,15.33,2.08,48.44,14.16,41.01,4.8,65.24,4:33.42,7190593.0,wa_2025,273.42,9.082652134423252,7.768361581920904,8.257638315441785,5.486065393899495
341,7.0,Harrison WILLIAMS,USA,8269 SB,Mark,10.79,6.88,14.87,1.9,46.88,14.56,45.61,5.2,55.44,4:22.72,7190593.0,wa_2025,262.72,9.267840593141798,7.554945054945055,8.532423208191126,5.709500609013397
342,8.0,Kendrick THOMPSON,BAH,8175,Mark,10.67,7.54,12.56,2.02,47.93,14.15,36.1,4.6,68.02,4:32.26,7190593.0,wa_2025,272.26,9.372071227741332,7.773851590106007,8.345503859795535,5.50943950635422
343,9.0,Makenson GLETTY,FRA,8146,Mark,10.92,6.98,15.31,1.96,50.49,14.06,42.0,4.9,62.89,4:27.90,7190593.0,wa_2025,267.9,9.157509157509157,7.823613086770981,7.9223608635373335,5.599104143337066
344,10.0,Jente HAUTTEKEETE,BEL,8116,Mark,10.85,7.04,14.58,1.99,49.36,14.49,44.09,5.0,55.44,4:27.91,7190593.0,wa_2025,267.91,9.216589861751153,7.59144237405107,8.103727714748784,5.598895151356799
345,11.0,Vilém STRÁSKÝ,CZE,8110,Mark,10.9,7.46,14.19,1.93,49.43,14.4,44.14,5.0,53.08,4:27.04,7190593.0,wa_2025,267.04,9.174311926605505,7.638888888888888,8.092251669026906,5.617136009586578
346,12.0,Antoine FERRANTI,FRA,8003,Mark,11.19,7.23,13.6,2.05,48.64,14.78,43.04,4.6,53.06,4:13.52,7190593.0,wa_2025,253.52,8.936550491510278,7.442489851150203,8.223684210526315,5.916692963079836
347,13.0,José Fernando FERREIRA,BRA,7927 SB,Mark,10.94,7.08,13.74,1.9,49.78,13.85,44.88,4.8,64.23,4:59.87,7190593.0,wa_2025,299.87,9.140767824497258,7.9422382671480145,8.035355564483728,5.002167605962584
348,14.0,Xiang FEI,CHN,7347,Mark,11.12,7.16,13.45,1.9,50.19,14.71,40.57,4.8,41.71,4:58.39,7190593.0,wa_2025,298.39,8.992805755395684,7.477906186267845,7.969715082685794,5.026978115888602
359,1.0,Erki Nool,EST,8641,Mark,10.68,7.76,15.11,2.0,46.71,14.48,43.66,5.0,65.82,4:29.48,6951910.0,og_2000,269.48,9.363295880149813,7.596685082872928,8.563476771569256,5.5662757904111615
360,2.0,Roman Šebrle,CZE,8606,Mark,10.92,7.62,15.22,2.12,48.2,13.87,44.39,4.8,64.04,4:28.79,6951910.0,og_2000,268.79,9.157509157509157,7.930785868781543,8.29875518672199,5.580564753153019
361,3.0,Chris Huffins,USA,8595 SB,Mark,10.48,7.71,15.27,2.09,48.31,13.91,49.55,4.7,56.62,4:38.71,6951910.0,og_2000,278.71,9.541984732824426,7.907979870596693,8.27985924239288,5.3819382153492885
362,4.0,Dean Macey,GBR,8567 PB,Mark,10.81,7.77,14.62,2.09,46.41,14.53,43.37,4.8,60.38,4:23.45,6951910.0,og_2000,263.45,9.250693802035153,7.570543702684102,8.618832148243914,5.693680015183147
363,5.0,Tom Pappas,USA,8425,Mark,10.82,7.41,14.87,2.21,48.64,14.15,41.42,4.9,62.26,4:45.10,6951910.0,og_2000,285.1,9.242144177449168,7.773851590106007,8.223684210526315,5.26131182041389
364,6.0,Tomáš Dvořák,CZE,8385,Mark,10.91,7.5,15.91,1.97,49.11,14.34,47.15,4.4,69.94,4:32.23,6951910.0,og_2000,272.23,9.165902841429881,7.670850767085077,8.144980655670944,5.5100466517283175
365,7.0,Frank Busemann,GER,8351,Mark,10.91,7.64,14.52,2.09,48.97,14.16,33.71,5.0,64.91,4:25.32,6951910.0,og_2000,265.32,9.165902841429881,7.768361581920904,8.168266285480907,5.653550429669833
366,8.0,Attila Zsivoczky-Pandel,HUN,8277,Mark,11.1,7.0,14.96,2.06,48.61,15.27,47.43,4.8,65.87,4:23.37,6951910.0,og_2000,263.37,9.00900900900901,7.203667321545514,8.228759514503189,5.695409499943046
367,9.0,Stefan Schmid,GER,8206,Mark,10.94,7.17,14.04,2.0,48.61,14.38,40.81,5.0,67.03,4:36.49,6951910.0,og_2000,276.49,9.140767824497258,7.649513212795549,8.228759514503189,5.425151000036167
368,10.0,Henrik Dagård,SWE,8178 SB,Mark,10.84,7.08,14.97,1.94,48.75,14.3,42.95,5.1,65.05,4:49.51,6951910.0,og_2000,289.51,9.22509225092251,7.692307692307692,8.205128205128204,5.181168180719146
369,11.0,Zsolt Kürtösi,HUN,8149 PB,Mark,11.0,7.19,15.13,2.0,48.81,14.15,46.62,4.8,57.16,4:43.39,6951910.0,og_2000,283.39,9.090909090909092,7.773851590106007,8.195041999590247,5.2930590352517735
370,12.0,Mário Aníbal,POR,8136 NR,Mark,10.97,6.9,15.39,2.03,48.71,14.71,45.01,4.9,57.51,4:32.68,6951910.0,og_2000,272.68,9.115770282588878,7.477906186267845,8.21186614658181,5.500953498606425
371,13.0,Lev Lobodin,RUS,8071,Mark,10.75,7.18,15.75,1.94,48.87,14.02,44.55,5.0,50.16,4:50.73,6951910.0,og_2000,290.73,9.30232558139535,7.845934379457917,8.18498056067117,5.1594262717985755
372,14.0,Jiří Ryba,CZE,8056,Mark,11.14,7.1,14.21,2.0,48.97,14.99,42.83,4.9,57.76,4:18.21,6951910.0,og_2000,258.21,8.976660682226212,7.33822548365577,8.168266285480907,5.809225049378413
373,15.0,Raúl Duany Bueno,CUB,8054,Mark,11.09,7.33,13.34,2.06,49.73,14.44,41.17,4.6,64.31,4:29.68,6951910.0,og_2000,269.68,9.017132551848512,7.617728531855956,8.043434546551378,5.5621477306437255
374,16.0,Oleksandr Yurkov,UKR,7993,Mark,10.89,6.68,14.78,1.97,48.66,15.02,48.67,5.0,54.77,4:39.94,6951910.0,og_2000,279.94,9.182736455463727,7.323568575233023,8.220304151253597,5.358291062370508
375,17.0,Indrek Kaseorg,EST,7932,Mark,11.31,7.22,13.26,1.97,50.03,14.57,41.98,4.8,66.54,4:35.64,6951910.0,og_2000,275.64,8.841732979664014,7.549759780370624,7.995202878273036,5.44188071397475
376,18.0,Klaus Ambrosch,AUT,7917,Mark,11.01,7.17,15.3,1.91,50.23,14.92,41.22,4.6,67.94,4:40.94,6951910.0,og_2000,280.94,9.082652134423252,7.372654155495979,7.963368504877564,5.339218338435253
377,19.0,Laurent Hernu,FRA,7909,Mark,11.19,7.14,13.54,2.06,50.63,14.51,41.78,5.0,56.34,4:37.82,6951910.0,og_2000,277.82,8.936550491510278,7.580978635423846,7.900454276120876,5.399179324742639
378,20.0,Wilfrid Boulineau,FRA,7821,Mark,11.07,7.08,13.38,2.03,49.82,15.02,39.86,4.8,59.69,4:35.59,6951910.0,og_2000,275.59000000000003,9.033423667570009,7.323568575233023,8.028904054596547,5.4428680285932
379,21.0,Kip Janvrin,USA,7726,Mark,11.26,6.63,13.57,1.85,49.12,15.15,42.2,5.0,56.84,4:17.81,6951910.0,og_2000,257.81,8.880994671403197,7.260726072607261,8.143322475570033,5.8182382374616965
380,22.0,Volodymyr Mykhaylenko,UKR,7676,Mark,11.1,7.04,13.53,2.06,48.8,14.84,40.45,4.6,47.27,4:36.23,6951910.0,og_2000,276.23,9.00900900900901,7.412398921832884,8.196721311475411,5.430257394200485
381,23.0,Fedir Laukhin,UKR,7652,Mark,11.21,7.01,13.16,2.03,49.64,15.16,38.33,4.9,55.53,4:41.48,6951910.0,og_2000,281.48,8.920606601248885,7.255936675461741,8.058017727639001,5.328975415660082
382,24.0,Eduard Hämäläinen,FIN,7520,Mark,11.01,7.19,14.06,1.85,48.14,14.37,35.98,4.8,47.11,4:54.18,6951910.0,og_2000,294.18,9.082652134423252,7.654836464857342,8.309098462816785,5.098919029165817
397,1.0,Roman Šebrle,CZE,8893 OR,Mark,10.85,7.84,16.36,2.12,48.36,14.05,48.72,5.0,70.52,4:40.01,6913163.0,og_2004,280.01,9.216589861751153,7.829181494661921,8.271298593879239,5.356951537445092
398,2.0,Bryan Clay,USA,8820 PB,Mark,10.44,7.96,15.23,2.06,49.19,14.13,50.11,4.9,69.71,4:41.65,6913163.0,og_2004,281.65,9.578544061302683,7.78485491861288,8.131734092295183,5.325758920646193
399,3.0,Dmitriy Karpov,KAZ,8725 AR,Mark,10.5,7.81,15.93,2.09,46.81,13.97,51.65,4.6,55.54,4:38.11,6913163.0,og_2004,278.11,9.523809523809524,7.874015748031495,8.545182653279213,5.393549315019237
400,4.0,Dean Macey,GBR,8414 SB,Mark,10.89,7.47,15.73,2.15,48.97,14.56,48.34,4.4,58.46,4:25.42,6913163.0,og_2004,265.42,9.182736455463727,7.554945054945055,8.168266285480907,5.651420390324768
401,5.0,Chiel Warners,NED,8343 SB,Mark,10.62,7.74,14.48,1.97,47.97,14.01,43.73,4.9,55.39,4:38.05,6913163.0,og_2004,278.05,9.416195856873824,7.851534618129907,8.338544923910778,5.394713181082539
402,6.0,Attila Zsivoczky-Pandel,HUN,8287 SB,Mark,10.91,7.14,15.31,2.12,49.4,14.95,45.62,4.7,63.45,4:29.54,6913163.0,og_2004,269.54,9.165902841429881,7.357859531772576,8.097165991902834,5.565036729242412
403,7.0,Laurent Hernu,FRA,8237 SB,Mark,10.97,7.19,14.65,2.03,48.73,14.25,44.72,4.8,57.76,4:24.35,6913163.0,og_2004,264.35,9.115770282588878,7.719298245614035,8.208495793145907,5.674295441649328
404,8.0,Erki Nool,EST,8235,Mark,10.8,7.53,14.26,1.88,48.81,14.8,42.05,5.4,61.33,4:36.33,6913163.0,og_2004,276.33,9.25925925925926,7.4324324324324325,8.195041999590247,5.4282922592552385
405,9.0,Claston Bernard,JAM,8225 NR,Mark,10.69,7.48,14.8,2.12,49.13,14.17,44.75,4.4,55.27,4:36.31,6913163.0,og_2004,276.31,9.354536950420954,7.76287932251235,8.141664970486463,5.428685172451233
406,10.0,Roland Schwarzl,AUT,8102 PB,Mark,10.98,7.49,14.01,1.94,49.76,14.25,42.43,5.1,56.32,4:33.56,6913163.0,og_2004,273.56,9.107468123861565,7.719298245614035,8.038585209003216,5.483257786226057
407,11.0,Aleksandr Pogorelov,RUS,8084 SB,Mark,10.95,7.31,15.1,2.06,50.79,14.21,44.6,5.0,53.45,4:47.63,6913163.0,og_2004,287.63,9.132420091324201,7.741027445460943,7.875566056310298,5.215033202378055
408,12.0,Florian Schönbeck,GER,8077,Mark,10.9,7.3,14.77,1.88,50.3,14.34,44.41,5.0,60.89,4:38.82,6913163.0,og_2004,278.82,9.174311926605505,7.670850767085077,7.952286282306163,5.379814934366258
409,13.0,Romain Barras,FRA,8067 SB,Mark,11.14,6.99,14.91,1.94,49.41,14.37,44.83,4.6,64.55,4:27.09,6913163.0,og_2004,267.09,8.976660682226212,7.654836464857342,8.095527221210283,5.616084465910368
410,14.0,Maurice Smith,JAM,8023,Mark,10.85,6.81,15.24,1.91,49.27,14.01,49.02,4.2,61.52,4:32.74,6913163.0,og_2004,272.74,9.216589861751153,7.851534618129907,8.11853054597118,5.499743345310552
411,15.0,Nikolay Averyanov,RUS,8021,Mark,10.55,7.34,14.44,1.94,49.72,14.39,39.88,4.8,54.51,4:31.02,6913163.0,og_2004,271.02,9.47867298578199,7.644197359277276,8.045052292839904,5.534646889528449
412,16.0,Jaakko Ojaniemi,FIN,8006 SB,Mark,10.68,7.5,14.97,1.94,49.12,15.01,40.35,4.6,59.26,4:35.71,6913163.0,og_2004,275.71,9.363295880149813,7.328447701532312,8.143322475570033,5.440499075115158
413,17.0,Vitaliy Smirnov,UZB,7993,Mark,10.89,7.07,13.88,1.94,49.11,14.77,42.47,4.7,60.88,4:23.31,6913163.0,og_2004,263.31,9.182736455463727,7.447528774542993,8.144980655670944,5.696707303178763
414,18.0,Haifeng Qi,CHN,7934,Mark,11.06,7.34,13.55,1.97,49.65,14.78,45.13,4.5,60.79,4:32.63,6913163.0,og_2004,272.63,9.041591320072332,7.442489851150203,8.056394763343404,5.501962366577413
415,19.0,Stefan Drews,GER,7926,Mark,10.87,7.38,13.07,1.88,48.51,14.01,40.11,5.0,51.53,4:34.21,6913163.0,og_2004,274.21,9.199632014719413,7.851534618129907,8.245722531436817,5.470260019692937
416,20.0,Aliaksandr Parkhomenka,BLR,7918 SB,Mark,11.14,6.61,15.69,2.03,51.04,14.88,41.9,4.8,65.82,4:37.94,6913163.0,og_2004,277.94,8.976660682226212,7.392473118279569,7.836990595611286,5.396848240627474
417,21.0,Paul Terek,USA,7893,Mark,10.92,6.94,15.15,1.94,49.56,15.12,45.62,5.3,50.62,4:50.36,6913163.0,og_2004,290.36,9.157509157509157,7.275132275132275,8.071025020177562,5.166000826560132
418,22.0,David Gómez,ESP,7865,Mark,11.08,7.26,14.57,1.85,48.61,14.41,40.95,4.4,60.71,4:29.70,6913163.0,og_2004,269.7,9.025270758122744,7.633587786259542,8.228759514503189,5.561735261401558
419,23.0,Indrek Turi,EST,7708,Mark,11.08,6.91,13.62,2.03,51.67,14.26,39.83,4.8,59.34,4:50.01,6913163.0,og_2004,290.01,9.025270758122744,7.713884992987377,7.741436036384749,5.172235440157236
420,24.0,Santiago Lorenzo,ARG,7592,Mark,11.1,7.03,13.22,1.85,49.34,15.38,40.22,4.5,58.36,4:23.08,6913163.0,og_2004,263.08,9.00900900900901,7.152145643693108,8.107012565869477,5.70168769955907
421,25.0,Janis Karlivans,LAT,7583,Mark,11.33,7.26,13.3,1.97,50.54,14.98,43.34,4.5,52.92,4:38.67,6913163.0,og_2004,278.67,8.8261253309797,7.343124165554072,7.914523149980214,5.382710733125202
422,26.0,Pródromos Korkízoglou,GRE,7573,Mark,10.86,7.07,14.81,1.94,51.16,14.96,46.07,4.7,53.05,5:17.00,6913163.0,og_2004,317.0,9.208103130755065,7.352941176470588,7.8186082877247856,4.73186119873817
423,27.0,Hans Olav Uldal,NOR,7495,Mark,11.23,6.99,13.53,1.85,50.95,15.09,43.01,4.5,60.0,4:41.70,6913163.0,og_2004,281.7,8.904719501335707,7.289595758780649,7.850834151128557,5.324813631522897
424,28.0,Paolo Casarsa,ITA,7404,Mark,11.36,6.68,14.92,1.94,53.2,15.39,48.66,4.4,58.62,4:56.12,6913163.0,og_2004,296.12,8.802816901408452,7.147498375568551,7.518796992481203,5.065513980818587
436,1.0,Bryan Clay,USA,8791,Mark,10.44,7.78,16.27,1.99,48.92,13.93,53.79,5.0,70.97,5:06.59,6977748.0,og_2008,306.59,9.578544061302683,7.896625987078249,8.176614881439084,4.892527479696011
437,2.0,Andrei Krauchanka,BLR,8551,Mark,10.96,7.61,14.39,2.11,47.3,14.21,44.58,5.0,60.23,4:27.47,6977748.0,og_2008,267.47,9.124087591240874,7.741027445460943,8.456659619450317,5.608105581934422
438,3.0,Leonel Suárez,CUB,8527 NR,Mark,10.9,7.33,14.49,2.05,47.91,14.15,44.45,4.7,73.98,4:29.17,6977748.0,og_2008,269.17,9.174311926605505,7.773851590106007,8.348987685243165,5.572686406360292
439,4.0,Romain Barras,FRA,8253 SB,Mark,11.26,7.08,15.42,1.96,49.51,14.21,45.17,5.0,65.4,4:29.29,6977748.0,og_2008,269.29,8.880994671403197,7.741027445460943,8.079175924055747,5.570203126740688
440,5.0,Roman Šebrle,CZE,8241 SB,Mark,11.21,7.68,14.78,2.11,49.54,14.71,45.5,4.8,63.93,4:49.63,6977748.0,og_2008,289.63,8.920606601248885,7.477906186267845,8.074283407347599,5.179021510202673
441,6.0,Oleksiy Kasyanov,UKR,8238 PB,Mark,10.53,7.56,15.15,1.96,47.7,14.37,48.39,4.3,51.59,4:28.94,6977748.0,og_2008,268.94,9.49667616334283,7.654836464857342,8.385744234800837,5.577452219825983
442,7.0,André Niklaus,GER,8220,Mark,11.12,7.29,13.23,2.05,49.65,14.37,45.39,5.2,60.21,4:32.90,6977748.0,og_2008,272.9,8.992805755395684,7.654836464857342,8.056394763343404,5.496518871381459
443,8.0,Maurice Smith,JAM,8205,Mark,10.85,7.04,15.09,1.99,47.96,14.08,50.91,4.6,51.52,4:31.62,6977748.0,og_2008,271.62,9.216589861751153,7.8125,8.340283569641368,5.52242102937928
444,9.0,Michael Schrader,GER,8194,Mark,10.8,7.7,13.67,1.99,48.47,14.71,40.41,4.8,60.27,4:26.77,6977748.0,og_2008,266.77,9.25925925925926,7.477906186267845,8.252527336496803,5.62282115680174
445,10.0,Mikk Pahapill,EST,8178 PB,Mark,11.15,7.04,14.36,2.11,50.9,14.51,49.35,4.8,67.07,4:47.03,6977748.0,og_2008,287.03,8.968609865470851,7.580978635423846,7.858546168958743,5.225934571299168
446,11.0,Aleksey Drozdov,RUS,8154,Mark,11.02,7.23,16.26,2.02,51.56,15.51,47.43,5.1,62.57,4:41.34,6977748.0,og_2008,281.34000000000003,9.074410163339383,7.092198581560284,7.757951900698215,5.331627212625293
447,12.0,Andres Raja,EST,8118 PB,Mark,10.89,7.29,14.79,1.96,48.98,14.06,39.83,4.8,67.16,4:49.60,6977748.0,og_2008,289.6,9.182736455463727,7.823613086770981,8.166598611678237,5.179558011049723
448,13.0,Eugene Martineau,NED,8055,Mark,11.19,7.19,13.78,1.99,49.99,14.73,44.09,4.7,71.44,4:37.96,6977748.0,og_2008,277.96,8.936550491510278,7.46775288526816,8.001600320064012,5.396459922290978
449,14.0,Yordani García,CUB,7992,Mark,10.64,7.07,15.82,1.96,49.66,13.9,36.73,4.7,65.6,5:00.49,6977748.0,og_2008,300.49,9.398496240601503,7.913669064748201,8.054772452678213,4.991846650470897
450,15.0,Mikalai Shubianok,BLR,7906 SB,Mark,11.31,6.86,14.88,1.99,50.02,14.52,45.8,4.6,62.1,4:38.14,6977748.0,og_2008,278.14,8.841732979664014,7.575757575757576,7.996801279488205,5.392967570288344
451,16.0,Aliaksandr Parkhomenka,BLR,7838,Mark,11.29,6.99,15.49,1.93,50.71,15.06,45.27,4.7,64.6,4:45.17,6977748.0,og_2008,285.17,8.857395925597874,7.304116865869854,7.887990534411359,5.26002033874531
452,17.0,Haifeng Qi,CHN,7835 SB,Mark,11.15,7.22,13.4,1.93,49.39,14.6,46.46,4.3,63.09,4:39.32,6977748.0,og_2008,279.32,8.968609865470851,7.534246575342466,8.098805426199636,5.370184734354862
453,18.0,Massimo Bertocchi,CAN,7714,Mark,11.0,7.05,14.1,1.9,48.72,14.32,44.91,4.7,45.33,4:42.26,6977748.0,og_2008,282.26,9.090909090909092,7.681564245810056,8.210180623973727,5.314249273719266
454,19.0,Jangy Addy,LBR,7665 NR,Mark,10.76,7.38,14.91,1.93,48.51,14.31,42.3,4.2,52.5,5:12.22,6977748.0,og_2008,312.22,9.29368029739777,7.686932215234102,8.245722531436817,4.804304656972647
455,20.0,Daniel Awde,GBR,7516,Mark,11.06,7.12,12.03,1.78,47.16,14.69,37.12,4.9,53.18,4:44.80,6977748.0,og_2008,284.8,9.041591320072332,7.488087134104833,8.481764206955047,5.26685393258427
456,21.0,Hadi Sepehrzad,IRI,7483,Mark,10.92,6.8,16.02,1.9,50.75,14.64,50.32,4.0,49.56,5:06.67,6977748.0,og_2008,306.67,9.157509157509157,7.5136612021857925,7.8817733990147785,4.891251182052368
457,22.0,Damjan Sitar,SLO,7336,Mark,11.21,7.25,12.41,2.05,50.1,15.03,39.25,4.0,47.23,4:37.37,6977748.0,og_2008,277.37,8.920606601248885,7.318695941450433,7.984031936127744,5.407938854238021
458,23.0,Slaven Dizdarevic,SVK,7021,Mark,11.16,7.02,13.97,1.96,52.02,15.61,39.86,4.0,43.58,4:51.42,6977748.0,og_2008,291.42,8.960573476702509,7.046764894298527,7.689350249903883,5.14721021206506
476,1.0,Ashton Eaton,USA,8869,Mark,10.35,8.03,14.66,2.05,46.9,13.56,42.53,5.2,61.96,4:33.59,6999193.0,og_2012,273.59000000000003,9.66183574879227,8.112094395280236,8.528784648187633,5.4826565298439265
477,2.0,Trey Hardee,USA,8671 SB,Mark,10.42,7.53,15.28,1.99,48.11,13.54,48.26,4.8,66.65,4:40.94,6999193.0,og_2012,280.94,9.596928982725528,8.124076809453472,8.314279775514446,5.339218338435253
478,3.0,Leonel Suárez,CUB,8523 SB,Mark,11.27,7.52,14.5,2.11,49.04,14.45,45.75,4.7,76.94,4:30.08,6999193.0,og_2012,270.08,8.873114463176575,7.612456747404845,8.156606851549755,5.553909952606635
479,4.0,Hans van Alphen,BEL,8447,Mark,11.05,7.64,15.48,2.05,49.18,14.89,48.28,4.8,61.69,4:22.50,6999193.0,og_2012,262.5,9.049773755656108,7.387508394895903,8.13338755591704,5.714285714285714
480,5.0,Damian Warner,CAN,8442 PB,Mark,10.48,7.54,13.73,2.05,48.2,14.38,45.9,4.7,62.77,4:29.85,6999193.0,og_2012,269.85,9.541984732824426,7.649513212795549,8.29875518672199,5.558643690939411
481,6.0,Rico Freimuth,GER,8320,Mark,10.65,7.21,14.87,1.9,48.06,13.89,49.11,4.9,57.37,4:37.62,6999193.0,og_2012,277.62,9.389671361502348,7.919366450683945,8.322929671244278,5.403068943159715
482,7.0,Oleksiy Kasyanov,UKR,8283,Mark,10.56,7.55,14.45,1.99,48.44,14.09,46.72,4.6,54.87,4:33.68,6999193.0,og_2012,273.68,9.469696969696969,7.8069552874379,8.257638315441785,5.480853551593102
483,8.0,Sergey Sviridov,RUS,8219,Mark,10.78,7.45,14.42,1.99,48.91,15.42,47.43,4.6,68.42,4:36.63,6999193.0,og_2012,276.63,9.27643784786642,7.133592736705578,8.178286648947045,5.422405379026136
484,9.0,Willem Coertzen,RSA,8173,Mark,11.09,7.17,13.79,2.05,48.56,14.15,43.58,4.5,64.79,4:26.52,6999193.0,og_2012,266.52,9.017132551848512,7.773851590106007,8.237232289950576,5.628095452498875
485,10.0,Pascal Behrenbruch,GER,8126,Mark,11.06,7.15,15.67,1.96,50.04,14.33,44.71,4.7,64.8,4:37.46,6999193.0,og_2012,277.46,9.041591320072332,7.676203768318214,7.9936051159072745,5.406184675268507
486,11.0,Eelco Sintnicolaas,NED,8034,Mark,10.85,7.37,14.18,1.93,48.85,14.43,32.26,5.3,58.82,4:31.17,6999193.0,og_2012,271.17,9.216589861751153,7.623007623007624,8.18833162743091,5.5315853523619865
487,12.0,Brent Newdick,NZL,7988,Mark,11.1,7.36,15.09,1.96,50.22,15.02,46.15,4.7,59.82,4:38.20,6999193.0,og_2012,278.2,9.00900900900901,7.323568575233023,7.964954201513342,5.391804457225018
488,13.0,Gonzalo Barroilhet,CHI,7972,Mark,11.18,6.8,14.49,2.05,51.07,14.12,41.27,5.4,57.25,4:48.23,6999193.0,og_2012,288.23,8.94454382826476,7.790368271954675,7.832386919913843,5.204177219581584
489,14.0,Yordani García,CUB,7956,Mark,10.8,6.75,14.48,1.99,48.76,14.24,42.27,4.6,59.85,4:38.57,6999193.0,og_2012,278.57,9.25925925925926,7.724719101123595,8.203445447087777,5.384642998169221
490,15.0,Kevin Mayer,FRA,7952,Mark,11.32,7.17,14.05,2.05,48.76,15.59,41.2,4.7,62.41,4:23.02,6999193.0,og_2012,263.02,8.8339222614841,7.055805003207184,8.203445447087777,5.702988365903734
491,16.0,Ilya Shkurenyov,RUS,7948,Mark,11.01,7.25,12.89,2.02,49.81,14.39,43.51,5.1,53.81,4:42.80,6999193.0,og_2012,282.8,9.082652134423252,7.644197359277276,8.03051596065047,5.304101838755304
492,17.0,Eduard Mikhan,BLR,7928,Mark,10.74,6.94,14.75,1.93,48.42,14.15,44.42,4.4,55.69,4:38.06,6999193.0,og_2012,278.06,9.31098696461825,7.773851590106007,8.261049153242462,5.394519168524779
493,18.0,Dmitriy Karpov,KAZ,7926,Mark,10.91,7.21,16.47,1.99,49.83,14.4,44.93,5.1,49.93,5:16.83,6999193.0,og_2012,316.83,9.165902841429881,7.638888888888888,8.027292795504716,4.734400151500805
494,19.0,Luiz Alberto de Araújo,BRA,7849,Mark,10.7,7.16,13.52,1.93,48.25,14.79,44.76,4.6,51.59,4:38.04,6999193.0,og_2012,278.04,9.345794392523365,7.437457741717377,8.290155440414507,5.394907207596029
495,20.0,Keisuke Ushiro,JPN,7842,Mark,11.32,6.86,13.59,1.99,50.78,15.47,46.66,4.9,66.38,4:39.33,6999193.0,og_2012,279.33,8.8339222614841,7.110536522301228,7.877116975187081,5.369992482010526
496,21.0,Ingmar Vos,NED,7805,Mark,10.98,7.27,13.77,1.96,49.62,14.61,42.26,4.5,61.6,4:50.01,6999193.0,og_2012,290.01,9.107468123861565,7.529089664613279,8.061265618702137,5.172235440157236
497,22.0,Edgars Erinš,LAT,7649,Mark,10.99,6.98,13.45,1.93,50.62,15.22,45.1,4.5,57.35,4:35.88,6999193.0,og_2012,275.88,9.099181073703367,7.227332457293035,7.902015013828526,5.437146585471944
498,23.0,Jangy Addy,LBR,7586,Mark,10.89,6.9,14.97,1.93,48.64,14.23,45.61,4.2,50.36,5:08.14,6999193.0,og_2012,308.14,9.182736455463727,7.730147575544624,8.223684210526315,4.867917180502369
499,24.0,Attila Szabó,HUN,7581,Mark,11.15,6.96,13.93,1.9,50.83,14.92,45.14,4.6,58.84,4:53.81,6999193.0,og_2012,293.81,8.968609865470851,7.372654155495979,7.869368483179225,5.1053401858343825
500,25.0,Darius Draudvila,LTU,7557,Mark,10.95,7.12,15.17,1.96,50.13,14.87,46.43,4.2,50.16,5:03.14,6999193.0,og_2012,303.14,9.132420091324201,7.397444519166107,7.979253939756632,4.948208748433068
501,26.0,Rifat Artikov,UZB,7203,Mark,11.37,6.41,14.11,1.93,51.91,14.74,43.53,4.4,56.62,5:09.52,6999193.0,og_2012,309.52,8.795074758135446,7.462686567164179,7.705644384511655,4.846213491858362
507,1.0,Ashton Eaton,USA,8893 OR,Mark,10.46,7.94,14.73,2.01,46.07,13.8,45.49,5.2,59.77,4:23.33,7093747.0,og_2016,263.33,9.56022944550669,7.971014492753623,8.682439765574125,5.696274636387803
508,2.0,Kevin Mayer,FRA,8834 NR,Mark,10.81,7.6,15.76,2.04,48.28,14.02,46.78,5.4,65.04,4:25.49,7093747.0,og_2016,265.49,9.250693802035153,7.845934379457917,8.285004142502071,5.649930317526084
509,3.0,Damian Warner,CAN,8666 SB,Mark,10.3,7.67,13.66,2.04,47.35,13.58,44.93,4.7,63.19,4:24.90,7093747.0,og_2016,264.9,9.70873786407767,8.100147275405007,8.447729672650475,5.662514156285392
510,4.0,Kai Kazmirek,GER,8580 PB,Mark,10.78,7.69,14.2,2.1,46.75,14.62,43.25,5.0,64.6,4:31.25,7093747.0,og_2016,271.25,9.27643784786642,7.523939808481533,8.556149732620321,5.529953917050691
511,5.0,Larbi Bourrada,ALG,8521 AR,Mark,10.75,7.52,13.78,2.1,47.98,14.15,42.39,4.6,66.49,4:14.60,7093747.0,og_2016,254.6,9.30232558139535,7.773851590106007,8.336807002917883,5.89159465828751
512,6.0,Leonel Suárez,CUB,8460 SB,Mark,11.21,7.14,14.27,2.07,48.15,14.48,47.07,4.9,72.32,4:28.32,7093747.0,og_2016,268.32,8.920606601248885,7.596685082872928,8.307372793354102,5.590339892665474
513,7.0,Zachery Ziemek,USA,8392,Mark,10.71,7.49,13.44,2.1,49.83,14.77,49.42,5.2,60.92,4:42.97,7093747.0,og_2016,282.97,9.337068160597571,7.447528774542993,8.027292795504716,5.300915291373643
514,8.0,Thomas van der Plaetsen,BEL,8332 PB,Mark,11.24,7.66,12.84,2.16,49.63,15.01,43.58,5.4,62.09,4:34.21,7093747.0,og_2016,274.21,8.896797153024911,7.328447701532312,8.059641345960104,5.470260019692937
515,9.0,Kurt Felix,GRN,8323 PB,Mark,10.93,7.42,14.77,2.07,49.14,14.79,45.1,4.5,69.92,4:30.53,7093747.0,og_2016,270.53,9.149130832570906,7.437457741717377,8.14000814000814,5.544671570620634
516,10.0,Luiz Alberto de Araújo,BRA,8315 PB,Mark,10.77,7.48,15.26,1.92,48.14,14.17,45.1,4.9,57.28,4:31.46,7093747.0,og_2016,271.46,9.285051067780874,7.76287932251235,8.309098462816785,5.525675974360864
517,11.0,Jeremy Taiwo,USA,8300,Mark,11.01,7.45,14.92,2.19,48.78,14.57,39.91,5.0,51.29,4:21.96,7093747.0,og_2016,261.96,9.082652134423252,7.549759780370624,8.200082000820007,5.726065048098947
518,12.0,Adam Sebastian Helcelet,CZE,8291 PB,Mark,11.06,7.35,15.11,2.04,49.51,14.37,44.13,4.7,68.2,4:34.41,7093747.0,og_2016,274.40999999999997,9.041591320072332,7.654836464857342,8.079175924055747,5.466273095003827
519,13.0,Bastien Auzeil,FRA,8064,Mark,11.17,7.07,15.41,1.98,49.34,14.82,42.23,5.1,61.91,4:40.50,7093747.0,og_2016,280.5,8.952551477170994,7.422402159244264,8.107012565869477,5.347593582887701
520,14.0,Cedric Dubler,AUS,8024,Mark,10.86,7.47,11.49,2.13,48.18,14.3,38.89,4.9,51.82,4:32.12,7093747.0,og_2016,272.12,9.208103130755065,7.692307692307692,8.302200083022,5.512273996766132
521,15.0,Arthur Abele,GER,8013,Mark,10.87,6.97,15.03,1.98,49.02,14.12,44.66,4.5,64.13,4:53.07,7093747.0,og_2016,293.07,9.199632014719413,7.790368271954675,8.159934720522235,5.118231139318252
522,16.0,Lindon Victor,GRN,7998,Mark,10.83,7.11,14.8,1.98,49.8,15.74,53.24,4.4,63.54,4:44.73,7093747.0,og_2016,284.73,9.233610341643583,6.98856416772554,8.032128514056225,5.268148772521336
523,17.0,Pau Tonnesen,ESP,7982,Mark,11.32,7.33,13.69,2.01,50.81,14.99,46.31,5.2,60.15,4:46.27,7093747.0,og_2016,286.27,8.8339222614841,7.33822548365577,7.872466049990159,5.239808572326825
524,18.0,Yordani García,CUB,7961,Mark,10.81,6.83,14.58,2.01,48.69,14.25,40.34,4.5,64.7,4:44.99,7093747.0,og_2016,284.99,9.250693802035153,7.719298245614035,8.215239268843705,5.263342573423628
525,19.0,Dominik Distelberger,AUT,7954,Mark,10.84,7.33,13.4,1.89,48.61,14.39,38.09,4.8,61.83,4:33.47,7093747.0,og_2016,273.47,9.22509225092251,7.644197359277276,8.228759514503189,5.485062346875342
526,20.0,Keisuke Ushiro,JPN,7952,Mark,11.3,6.83,14.14,1.98,50.43,15.09,49.9,4.9,66.63,4:46.33,7093747.0,og_2016,286.33,8.849557522123893,7.289595758780649,7.93178663493952,5.238710578702896
527,21.0,Paweł Wiesiołek,POL,7784,Mark,10.88,6.73,14.17,2.01,50.18,15.09,48.32,4.5,56.68,4:42.27,7093747.0,og_2016,282.27,9.191176470588236,7.289595758780649,7.971303308090873,5.314061005420343
528,22.0,Akihiko Nakamura,JPN,7612,Mark,11.04,7.13,12.0,1.92,48.93,14.57,34.91,4.7,51.24,4:18.37,7093747.0,og_2016,258.37,9.057971014492754,7.549759780370624,8.174943797261394,5.8056275883423
529,23.0,Karl-Robert Saluri,EST,7223,Mark,10.82,7.02,13.88,1.77,50.32,16.51,42.96,4.5,46.42,4:39.40,7093747.0,og_2016,279.4,9.242144177449168,6.662628709872804,7.94912559618442,5.368647100930566
539,1.0,Damian WARNER,CAN,9018 OR,Mark,10.12,8.24,14.8,2.02,47.48,13.46,48.67,4.9,63.44,4:31.08,7132391.0,og_2021,271.08,9.881422924901187,8.172362555720653,8.424599831508004,5.533421868083223
540,2.0,Kevin MAYER,FRA,8726 SB,Mark,10.68,7.5,15.07,2.08,50.31,13.9,48.08,5.2,73.09,4:43.17,7132391.0,og_2021,283.17,9.363295880149813,7.913669064748201,7.95070562512423,5.297171310520182
541,3.0,Ashley MOLONEY,AUS,8649 AR,Mark,10.34,7.64,14.49,2.11,46.29,14.08,44.38,5.0,57.12,4:39.19,7132391.0,og_2021,279.19,9.671179883945841,7.8125,8.641175199827178,5.372685268096995
542,4.0,Garrett SCANTLING,USA,8611,Mark,10.67,7.3,15.59,1.99,48.25,14.03,45.46,5.1,69.1,4:35.54,7132391.0,og_2021,275.54,9.372071227741332,7.840342124019958,8.290155440414507,5.443855701531538
543,5.0,Pierce LEPAGE,CAN,8604 PB,Mark,10.43,7.65,15.31,1.99,46.92,14.39,47.14,5.0,57.24,4:31.85,7132391.0,og_2021,271.85,9.587727708533079,7.644197359277276,8.525149190110827,5.517748758506529
544,6.0,Zachery ZIEMEK,USA,8435,Mark,10.55,7.2,14.99,2.05,49.06,14.51,44.87,5.3,60.44,4:38.38,7132391.0,og_2021,278.38,9.47867298578199,7.580978635423846,8.153281695882592,5.388318126302177
545,7.0,Lindon VICTOR,GRN,8414 SB,Mark,10.67,7.24,15.39,2.02,49.21,14.83,49.75,4.9,71.56,4:54.32,7132391.0,og_2021,294.32,9.372071227741332,7.4173971679029,8.12842918106076,5.0964936123946725
546,8.0,Ilya SHKURENYOV,ANA,8413 SB,Mark,10.93,7.59,14.95,1.99,48.98,14.43,47.02,5.1,60.95,4:34.62,7132391.0,og_2021,274.62,9.149130832570906,7.623007623007624,8.166598611678237,5.462093074065982
547,9.0,Jorge ﻿UREÑA,ESP,8322 PB,Mark,10.66,7.3,13.97,2.05,48.0,14.13,43.7,4.9,55.82,4:27.82,7132391.0,og_2021,267.82,9.380863039399625,7.78485491861288,8.333333333333334,5.600776641027556
548,10.0,Steven BASTIEN,USA,8236,Mark,10.69,7.39,14.4,2.05,47.64,14.42,40.77,4.6,58.21,4:26.95,7132391.0,og_2021,266.95,9.354536950420954,7.6282940360610265,8.39630562552477,5.619029780857839
549,11.0,Johannes ERM,EST,8213 SB,Mark,11.04,7.36,14.6,1.99,48.25,14.55,45.72,4.8,58.41,4:28.42,7132391.0,og_2021,268.42,9.057971014492754,7.560137457044673,8.290155440414507,5.588257208851799
550,12.0,Paweł WIESIOŁEK,POL,8176,Mark,10.83,7.27,14.9,2.02,48.24,14.95,48.27,4.8,51.6,4:30.02,7132391.0,og_2021,270.02,9.233610341643583,7.357859531772576,8.291873963515755,5.555144063402711
551,13.0,Vitaliy ZHUK,BLR,8131,Mark,11.04,6.93,16.23,1.96,49.22,14.95,47.01,5.1,59.49,4:42.57,7132391.0,og_2021,282.57,9.057971014492754,7.357859531772576,8.126777732629012,5.308419152776303
552,14.0,Kai KAZMIREK,GER,8126,Mark,11.09,7.48,14.46,2.02,48.17,14.73,42.7,4.8,63.76,4:48.30,7132391.0,og_2021,288.3,9.017132551848512,7.46775288526816,8.303923603902843,5.202913631633715
553,15.0,Maicel UIBO,EST,8037,Mark,11.32,7.37,13.95,2.02,50.82,14.83,46.38,5.5,50.64,4:38.64,7132391.0,og_2021,278.64,8.8339222614841,7.4173971679029,7.870916961826053,5.383290267011198
554,16.0,Adam Sebastian HELCELET,CZE,8004,Mark,11.06,7.16,14.99,1.96,49.41,14.35,45.4,4.6,61.54,4:44.74,7132391.0,og_2021,284.74,9.041591320072332,7.665505226480836,8.095527221210283,5.2679637564093555
555,17.0,Jiří SÝKORA,CZE,7943,Mark,11.18,7.03,14.63,1.9,48.89,14.48,49.9,4.6,63.73,4:54.97,7132391.0,og_2021,294.97,8.94454382826476,7.596685082872928,8.181632235631008,5.085262908092348
556,18.0,Felipe DOS SANTOS,BRA,7880,Mark,10.58,7.38,14.13,2.02,49.31,14.58,39.91,4.6,54.56,4:52.40,7132391.0,og_2021,292.4,9.45179584120983,7.544581618655693,8.111944838775097,5.1299589603283176
557,19.0,Martin ROE,NOR,7863,Mark,10.86,7.03,13.98,1.96,50.93,15.47,48.37,4.8,62.28,4:47.58,7132391.0,og_2021,287.58,9.208103130755065,7.110536522301228,7.85391714117416,5.215939912372209
562,1.0,Markus ROOTH,NOR,8796 NR,Mark,10.71,7.8,15.25,1.99,47.69,14.25,49.8,5.3,66.87,4:39.56,7153115.0,og_2024,279.56,9.337068160597571,7.719298245614035,8.38750262109457,5.365574474173702
563,2.0,Leo NEUGEBAUER,GER,8748,Mark,10.67,7.98,16.55,2.05,47.7,14.51,53.33,5.0,56.64,4:44.67,7153115.0,og_2024,284.67,9.372071227741332,7.580978635423846,8.385744234800837,5.2692591421646116
564,3.0,Lindon VICTOR,GRN,8711 SB,Mark,10.56,7.48,15.71,2.02,47.84,14.62,53.91,4.9,68.22,4:43.53,7153115.0,og_2024,283.53,9.469696969696969,7.523939808481533,8.361204013377925,5.290445455507355
565,4.0,Sven ROOSEN,NED,8607 NR,Mark,10.52,7.56,15.1,1.87,46.4,13.99,46.88,4.7,63.72,4:18.55,7153115.0,og_2024,258.55,9.505703422053232,7.862759113652609,8.620689655172415,5.801585766776252
566,5.0,Janek ÕIGLANE,EST,8572 PB,Mark,10.89,7.25,14.58,1.99,48.02,14.45,43.39,5.3,71.89,4:25.59,7153115.0,og_2024,265.59,9.182736455463727,7.612456747404845,8.329862557267804,5.647803004631199
567,6.0,Johannes ERM,EST,8569,Mark,10.64,7.66,14.61,2.08,47.19,14.35,46.29,4.6,59.58,4:19.71,7153115.0,og_2024,259.71,9.398496240601503,7.665505226480836,8.47637211273575,5.775672865888876
568,7.0,Harrison WILLIAMS,USA,8538 SB,Mark,10.62,7.42,15.66,1.96,46.71,14.28,46.91,5.1,51.17,4:19.58,7153115.0,og_2024,259.58,9.416195856873824,7.703081232492997,8.563476771569256,5.778565374836274
569,8.0,Niklas KAUL,GER,8445,Mark,11.34,7.09,14.24,2.02,49.13,14.53,46.28,4.8,77.78,4:15.00,7153115.0,og_2024,255.0,8.818342151675486,7.570543702684102,8.141664970486463,5.882352941176471
570,9.0,Ayden OWENS-DELERME,PUR,8437,Mark,10.35,7.66,15.17,2.02,46.17,14.09,43.36,4.8,51.17,4:40.39,7153115.0,og_2024,280.39,9.66183574879227,7.8069552874379,8.663634394628547,5.349691501123435
571,10.0,Heath BALDWIN,USA,8422,Mark,10.91,7.38,14.48,2.17,49.04,14.04,43.66,4.7,67.59,4:40.67,7153115.0,og_2024,280.67,9.165902841429881,7.834757834757835,8.156606851549755,5.344354580111875
572,11.0,Karel TILGA,EST,8377 SB,Mark,11.01,7.16,15.88,1.99,48.67,14.66,50.13,4.7,64.16,4:26.41,7153115.0,og_2024,266.41,9.082652134423252,7.503410641200546,8.218615163344976,5.6304192785556095
573,12.0,Makenson GLETTY,FRA,8309,Mark,10.72,7.1,16.64,1.99,47.48,13.96,46.03,4.7,53.02,4:35.58,7153115.0,og_2024,275.58,9.328358208955223,7.8796561604584525,8.424599831508004,5.443065534509036
574,13.0,Ken MULLINGS,BAH,8226 NR,Mark,10.6,7.36,14.19,2.02,49.43,13.7,46.07,4.8,59.83,4:55.84,7153115.0,og_2024,295.84000000000003,9.433962264150944,8.029197080291972,8.092251669026906,5.070308274743104
575,14.0,Jose Fernando FERREIRA SANTANA,BRA,8213 PB,Mark,10.66,7.24,13.97,1.93,48.78,14.0,42.86,4.8,70.58,4:49.73,7153115.0,og_2024,289.73,9.380863039399625,7.857142857142857,8.200082000820007,5.177233976460842
576,15.0,Till STEINFORTH,GER,8170,Mark,10.52,7.61,13.96,1.96,47.96,14.37,42.59,4.7,59.14,4:45.43,7153115.0,og_2024,285.43,9.505703422053232,7.654836464857342,8.340283569641368,5.255228952808044
577,16.0,Rik TAAM,NED,8046 SB,Mark,10.64,7.27,14.27,1.93,47.73,14.78,39.31,4.7,57.08,4:24.82,7153115.0,og_2024,264.82,9.398496240601503,7.442489851150203,8.380473496752566,5.664224756438336
578,17.0,Zachery ZIEMEK,USA,7983,Mark,10.6,6.86,15.03,1.96,50.79,15.11,50.08,5.0,57.05,4:53.17,7153115.0,og_2024,293.17,9.433962264150944,7.27994705493051,7.875566056310298,5.116485315687144
580,19.0,Daniel GOLUBOVIC,AUS,7566,Mark,11.32,6.6,13.89,1.93,50.37,15.15,44.65,4.6,59.33,4:39.02,7153115.0,og_2024,279.02,8.8339222614841,7.260726072607261,7.9412348620210444,5.375958712637087
